"id_fp","id_factura","id_producto","cantidad"
1,1,89,4
2,1,5,13
3,1,79,16
4,1,62,16
5,1,43,9
6,1,62,11
7,2,4,14
8,2,72,5
9,2,27,5
10,2,27,11
11,2,34,7
12,2,14,4
13,3,17,7
14,4,20,17
15,4,65,20
16,4,28,20
17,4,24,10
18,4,80,4
19,4,6,3
20,4,66,12
21,5,67,4
22,5,3,3
23,5,26,5
24,5,15,3
25,6,21,13
26,6,76,2
27,6,45,4
28,6,23,7
29,6,84,4
30,7,9,7
31,7,13,13
32,7,15,11
33,7,37,3
34,7,28,5
35,7,6,12
36,7,83,7
37,8,77,2
38,8,82,3
39,9,95,4
40,9,34,14
41,9,79,17
42,9,5,14
43,10,34,12
44,10,48,2
45,10,27,6
46,10,94,13
47,11,4,9
48,11,73,3
49,11,32,3
50,11,94,5
51,12,48,12
52,12,72,5
53,12,71,17
54,12,5,18
55,13,46,9
56,13,6,2
57,14,100,6
58,14,83,3
59,14,91,2
60,14,84,9
61,14,68,10
62,14,10,9
63,15,76,20
64,15,91,15
65,15,58,5
66,15,20,19
67,16,79,11
68,16,34,4
69,16,99,4
70,16,57,18
71,16,27,3
72,16,14,7
73,17,55,9
74,17,94,4
75,17,48,3
76,17,52,17
77,17,73,9
78,17,62,4
79,18,41,11
80,18,4,3
81,18,27,2
82,19,52,18
83,19,4,16
84,20,55,1
85,20,48,10
86,20,42,13
87,21,91,15
88,22,74,12
89,22,24,3
90,22,83,4
91,22,22,19
92,22,37,20
93,22,10,9
94,23,98,7
95,24,78,6
96,24,10,14
97,24,66,8
98,24,67,9
99,24,61,20
100,24,83,19
101,24,80,16
102,25,99,17
103,25,79,14
104,26,95,14
105,26,27,3
106,26,72,19
107,26,94,2
108,26,79,15
109,27,62,2
110,27,79,13
111,27,69,2
112,27,89,5
113,28,4,12
114,28,48,7
115,28,41,14
116,28,69,2
117,29,79,5
118,30,42,3
119,30,32,4
120,30,48,9
121,30,48,2
122,31,92,6
123,31,37,10
124,31,77,1
125,32,96,14
126,33,61,2
127,33,45,18
128,33,17,17
129,33,84,13
130,34,48,15
131,35,71,18
132,35,94,20
133,35,79,4
134,35,32,13
135,35,43,16
136,36,4,4
137,37,48,20
138,37,71,7
139,37,41,4
140,38,94,10
141,39,2,7
142,40,18,2
143,40,50,8
144,40,81,9
145,40,22,18
146,40,65,2
147,40,63,11
148,41,56,4
149,41,83,3
150,41,65,1
151,42,6,14
152,42,19,3
153,42,22,20
154,43,14,4
155,43,42,10
156,44,62,18
157,44,72,6
158,44,79,10
159,45,48,13
160,45,48,3
161,45,48,12
162,45,99,6
163,45,38,17
164,46,48,8
165,47,94,9
166,47,48,4
167,47,94,7
168,48,72,14
169,48,48,2
170,48,55,2
171,49,94,7
172,49,14,10
173,49,62,18
174,49,48,18
175,49,48,8
176,49,71,11
177,50,79,18
178,50,55,20
179,50,57,11
180,50,73,7
181,50,48,13
182,50,69,6
183,51,23,8
184,52,36,3
185,52,75,4
186,52,16,11
187,52,3,19
188,52,13,19
189,53,3,6
190,53,26,2
191,53,36,11
192,53,30,10
193,53,56,4
194,53,54,4
195,53,88,17
196,53,56,12
197,54,13,2
198,54,70,11
199,54,16,5
200,54,1,9
201,54,33,8
202,55,86,15
203,55,40,5
204,55,81,14
205,55,12,3
206,55,87,13
207,56,4,8
208,56,41,7
209,57,89,10
210,57,48,10
211,57,48,3
212,58,42,20
213,58,5,20
214,59,67,13
215,59,40,3
216,59,19,17
217,59,12,4
218,59,35,15
219,59,83,20
220,59,92,2
221,59,17,11
222,60,75,1
223,60,47,9
224,60,49,2
225,60,36,3
226,60,83,2
227,60,23,7
228,61,48,3
229,61,71,6
230,61,79,1
231,62,32,10
232,62,43,5
233,62,99,3
234,62,14,5
235,63,57,15
236,63,99,4
237,63,93,11
238,64,27,3
239,64,4,7
240,65,48,11
241,65,95,3
242,65,5,5
243,65,79,13
244,66,71,19
245,67,69,3
246,67,71,9
247,67,89,5
248,67,79,7
249,67,5,2
250,67,95,5
251,68,3,13
252,68,87,2
253,68,58,4
254,68,35,5
255,68,30,4
256,69,45,7
257,69,2,6
258,70,96,16
259,70,67,18
260,70,83,15
261,71,61,3
262,71,3,5
263,71,6,8
264,71,15,7
265,71,66,13
266,71,36,19
267,71,23,20
268,71,2,7
269,72,91,11
270,72,83,3
271,73,68,3
272,74,52,2
273,74,48,6
274,75,48,15
275,75,43,2
276,75,55,16
277,75,71,14
278,75,93,4
279,76,89,10
280,77,48,13
281,77,34,7
282,77,4,8
283,78,94,12
284,78,94,7
285,78,55,6
286,78,89,13
287,78,89,15
288,78,4,2
289,79,99,6
290,79,57,14
291,79,27,11
292,79,5,3
293,80,51,5
294,80,36,12
295,80,44,12
296,80,96,7
297,80,59,20
298,80,83,4
299,80,2,4
300,80,49,3
301,81,37,9
302,81,96,7
303,81,15,19
304,81,63,8
305,81,64,12
306,82,85,8
307,82,21,4
308,82,20,2
309,83,48,11
310,83,52,2
311,83,48,5
312,83,5,2
313,83,57,7
314,84,27,2
315,84,48,15
316,84,27,17
317,84,69,6
318,85,48,1
319,86,69,2
320,86,57,16
321,86,27,6
322,86,52,11
323,87,80,13
324,87,47,3
325,87,16,15
326,87,25,5
327,87,15,12
328,88,64,13
329,89,64,20
330,89,28,2
331,89,23,11
332,89,37,7
333,90,18,20
334,90,35,8
335,90,49,5
336,90,92,6
337,90,76,5
338,90,87,4
339,90,23,10
340,91,95,8
341,91,48,12
342,91,4,19
343,92,71,5
344,92,27,5
345,92,95,7
346,93,79,10
347,93,4,6
348,93,94,7
349,93,95,5
350,93,27,4
351,94,31,12
352,94,76,6
353,94,1,10
354,94,30,6
355,94,74,5
356,94,56,15
357,94,29,16
358,94,16,14
359,95,85,18
360,95,19,14
361,95,12,2
362,95,40,20
363,95,46,20
364,95,91,9
365,96,11,11
366,96,70,8
367,96,47,8
368,96,45,8
369,96,47,13
370,97,31,16
371,97,18,18
372,97,92,5
373,97,16,15
374,97,81,9
375,97,51,10
376,97,47,5
377,98,92,3
378,98,46,4
379,98,33,12
380,98,9,16
381,98,22,16
382,98,49,20
383,98,39,14
384,99,84,17
385,99,6,2
386,100,4,18
387,100,94,6
388,100,48,5
389,100,72,8
390,100,48,9
391,100,32,7
392,101,48,14
393,101,71,2
394,101,43,17
395,101,95,11
396,101,48,4
397,102,38,8
398,103,72,6
399,103,41,6
400,103,27,6
401,103,79,20
402,103,55,5
403,103,55,1
404,104,54,8
405,104,23,3
406,104,7,2
407,104,96,7
408,104,17,13
409,105,86,9
410,106,77,7
411,106,37,8
412,107,17,14
413,107,82,3
414,107,85,2
415,107,3,8
416,107,24,7
417,108,1,20
418,109,33,15
419,109,19,3
420,109,81,18
421,109,74,7
422,110,62,17
423,111,89,12
424,111,73,3
425,111,62,3
426,111,48,15
427,112,48,6
428,112,42,9
429,113,69,19
430,114,81,19
431,114,96,11
432,115,24,16
433,115,21,15
434,115,87,5
435,115,36,6
436,115,81,14
437,115,9,4
438,115,47,14
439,115,20,9
440,116,8,17
441,116,15,3
442,116,26,12
443,116,75,4
444,116,37,13
445,117,62,15
446,117,55,2
447,117,42,13
448,118,48,10
449,118,4,6
450,118,73,18
451,118,4,9
452,118,94,6
453,119,57,18
454,119,34,17
455,119,62,3
456,119,94,10
457,119,72,3
458,120,47,7
459,121,37,9
460,121,44,9
461,121,49,11
462,122,13,4
463,122,36,4
464,122,24,5
465,122,2,3
466,122,66,14
467,122,21,5
468,122,13,2
469,123,49,5
470,123,88,12
471,123,83,19
472,123,85,9
473,123,28,9
474,123,100,5
475,123,78,15
476,124,17,17
477,124,70,20
478,124,28,18
479,124,37,7
480,124,58,1
481,124,58,4
482,125,6,18
483,125,76,4
484,125,77,12
485,125,17,12
486,125,13,7
487,125,8,9
488,125,85,8
489,126,71,13
490,126,73,4
491,126,57,14
492,126,38,2
493,126,72,3
494,126,34,16
495,127,43,2
496,127,93,6
497,127,42,5
498,127,41,6
499,127,48,2
500,127,43,13
501,128,72,1
502,129,69,2
503,129,71,14
504,129,55,11
505,129,95,4
506,130,94,5
507,130,57,15
508,130,79,16
509,130,48,3
510,130,5,13
511,130,34,15
512,131,55,7
513,131,38,13
514,131,52,14
515,132,46,7
516,132,81,10
517,132,20,19
518,133,7,6
519,133,83,6
520,133,47,2
521,133,3,6
522,133,37,18
523,134,19,8
524,134,28,2
525,134,11,6
526,134,88,5
527,135,95,10
528,135,62,8
529,135,79,12
530,135,79,4
531,135,89,9
532,136,48,17
533,136,42,12
534,136,48,7
535,137,95,3
536,137,34,6
537,137,48,10
538,137,94,9
539,137,27,3
540,137,5,4
541,138,52,9
542,138,38,8
543,138,57,11
544,138,62,8
545,139,89,17
546,139,94,11
547,139,95,8
548,139,4,15
549,140,3,14
550,140,9,3
551,140,78,11
552,140,61,9
553,140,59,3
554,141,1,2
555,141,25,3
556,141,20,3
557,141,37,4
558,141,40,2
559,141,85,5
560,142,21,2
561,142,15,8
562,143,100,10
563,143,31,8
564,143,6,8
565,143,58,4
566,143,18,2
567,143,68,5
568,143,19,8
569,143,56,7
570,144,53,5
571,145,48,13
572,145,32,7
573,145,62,5
574,145,95,11
575,145,32,17
576,145,72,13
577,146,17,12
578,146,28,6
579,146,30,13
580,146,84,6
581,147,58,6
582,147,88,8
583,147,100,6
584,147,44,17
585,147,90,14
586,147,16,6
587,148,88,7
588,148,49,2
589,149,53,5
590,149,66,8
591,149,21,2
592,149,92,2
593,149,7,20
594,150,15,6
595,150,92,5
596,150,60,2
597,150,90,5
598,151,57,18
599,151,89,6
600,152,89,5
601,152,57,7
602,152,93,3
603,152,43,3
604,152,14,15
605,153,100,2
606,153,51,6
607,154,30,7
608,154,45,7
609,155,51,3
610,155,63,3
611,155,8,12
612,155,83,2
613,155,6,12
614,155,10,4
615,156,13,3
616,156,21,15
617,156,46,12
618,156,88,7
619,156,17,19
620,156,10,4
621,156,20,6
622,156,51,7
623,157,46,3
624,157,21,17
625,158,9,7
626,158,90,12
627,158,66,3
628,158,88,16
629,158,70,16
630,158,49,4
631,158,2,14
632,159,32,16
633,159,34,5
634,159,48,9
635,159,38,4
636,159,73,2
637,159,89,17
638,160,52,12
639,160,48,2
640,160,55,6
641,160,5,3
642,161,99,10
643,161,94,2
644,161,93,8
645,161,48,8
646,161,32,7
647,161,57,5
648,162,2,20
649,162,91,11
650,162,75,7
651,163,2,20
652,163,40,18
653,163,85,2
654,163,33,5
655,163,39,4
656,163,10,5
657,163,15,18
658,163,21,6
659,164,36,19
660,165,15,20
661,165,64,4
662,165,70,15
663,165,47,20
664,165,35,9
665,165,37,5
666,166,97,20
667,166,28,3
668,166,19,9
669,167,77,15
670,167,15,4
671,167,12,8
672,167,74,9
673,168,48,12
674,168,32,8
675,168,72,6
676,168,69,12
677,168,34,7
678,169,55,8
679,169,27,2
680,170,57,3
681,170,27,15
682,170,71,16
683,170,41,14
684,171,74,3
685,171,83,7
686,171,83,9
687,171,13,8
688,171,18,12
689,171,2,13
690,171,60,5
691,171,23,8
692,172,59,2
693,172,50,12
694,172,65,3
695,172,80,20
696,173,17,18
697,173,81,4
698,173,28,8
699,173,82,6
700,173,80,1
701,174,76,19
702,174,91,15
703,174,67,4
704,174,20,6
705,174,70,11
706,174,87,5
707,174,22,8
708,175,22,13
709,175,76,5
710,175,58,20
711,175,12,13
712,175,23,2
713,175,83,4
714,175,53,8
715,175,39,5
716,176,48,9
717,176,62,8
718,176,93,2
719,177,48,4
720,177,32,8
721,177,99,5
722,177,93,4
723,178,34,10
724,178,34,7
725,178,93,15
726,178,71,1
727,179,38,5
728,180,94,15
729,180,48,5
730,180,57,2
731,180,48,10
732,180,4,5
733,181,57,8
734,181,5,9
735,181,55,14
736,182,4,2
737,182,41,9
738,182,72,2
739,182,69,6
740,183,36,7
741,183,16,17
742,183,11,17
743,184,90,3
744,184,23,17
745,184,47,2
746,184,82,11
747,184,1,2
748,184,49,3
749,185,25,15
750,185,16,4
751,185,39,11
752,185,97,3
753,185,77,5
754,185,15,4
755,185,97,3
756,186,22,18
757,186,90,7
758,186,56,13
759,186,59,15
760,186,97,4
761,187,75,11
762,187,90,2
763,187,2,2
764,187,60,4
765,187,7,13
766,187,65,3
767,187,10,20
768,188,22,16
769,188,24,18
770,188,100,12
771,188,31,7
772,188,97,9
773,188,60,11
774,189,22,2
775,190,9,4
776,190,81,4
777,190,17,4
778,191,57,2
779,192,48,13
780,193,48,2
781,193,42,8
782,193,69,9
783,194,99,4
784,194,72,12
785,194,48,3
786,194,71,9
787,194,48,7
788,194,48,9
789,195,52,20
790,196,14,1
791,197,3,20
792,197,15,14
793,197,37,2
794,198,86,17
795,198,15,3
796,198,3,9
797,198,39,5
798,198,56,3
799,199,30,6
800,200,47,9
801,200,13,3
802,200,45,2
803,200,53,5
804,200,46,12
805,200,6,5
806,201,15,6
807,201,6,4
808,201,21,8
809,201,31,13
810,201,35,6
811,201,86,6
812,202,92,5
813,202,60,7
814,202,37,2
815,202,47,3
816,203,64,19
817,204,38,8
818,204,89,10
819,204,94,14
820,204,57,4
821,204,5,17
822,204,41,12
823,205,27,19
824,205,34,2
825,206,52,16
826,207,95,17
827,207,14,6
828,207,99,8
829,208,3,3
830,209,22,8
831,209,36,3
832,210,56,5
833,211,8,20
834,211,77,14
835,211,85,5
836,212,80,17
837,212,3,14
838,212,2,2
839,212,1,19
840,212,17,12
841,212,82,4
842,212,68,20
843,213,15,10
844,213,21,2
845,213,1,6
846,213,3,5
847,214,38,9
848,214,14,11
849,214,32,7
850,214,48,4
851,214,5,14
852,215,32,12
853,215,43,8
854,215,42,6
855,215,52,9
856,215,32,3
857,215,38,4
858,216,68,10
859,216,75,1
860,217,63,10
861,217,22,5
862,217,88,2
863,217,6,5
864,218,76,7
865,219,58,17
866,219,47,2
867,219,31,13
868,219,83,2
869,219,17,19
870,219,47,7
871,219,97,4
872,220,71,6
873,221,71,7
874,221,71,5
875,221,69,5
876,222,41,17
877,222,71,6
878,222,41,5
879,222,48,4
880,222,4,3
881,222,71,18
882,223,99,10
883,223,55,9
884,223,48,12
885,224,4,6
886,225,83,15
887,225,7,3
888,225,58,3
889,225,83,12
890,225,21,4
891,225,78,8
892,225,45,2
893,225,23,2
894,226,49,20
895,227,99,8
896,227,48,4
897,227,4,4
898,227,89,15
899,228,93,7
900,228,89,2
901,228,27,2
902,228,4,6
903,229,71,17
904,229,32,20
905,229,94,19
906,229,5,14
907,229,42,5
908,230,4,14
909,230,48,3
910,230,41,17
911,230,72,10
912,231,62,4
913,231,71,12
914,232,41,19
915,232,34,19
916,233,32,12
917,233,34,7
918,233,27,15
919,233,57,4
920,233,27,4
921,234,40,4
922,234,19,10
923,234,82,2
924,234,31,20
925,234,49,8
926,234,17,9
927,235,21,19
928,235,53,15
929,235,83,5
930,235,36,14
931,236,21,11
932,236,76,9
933,236,37,4
934,236,11,12
935,236,87,5
936,236,15,10
937,237,3,5
938,238,42,14
939,239,52,10
940,239,52,2
941,240,62,6
942,240,72,7
943,240,48,2
944,240,89,5
945,240,52,2
946,241,32,5
947,241,93,11
948,241,43,11
949,241,99,5
950,242,30,11
951,242,37,5
952,242,13,14
953,242,75,2
954,243,21,3
955,243,22,16
956,243,3,9
957,243,36,6
958,244,45,17
959,244,36,13
960,244,85,4
961,244,23,14
962,244,47,3
963,244,22,13
964,245,32,1
965,246,48,15
966,246,62,5
967,246,94,9
968,246,71,10
969,246,32,14
970,247,71,20
971,247,99,13
972,247,48,6
973,247,72,10
974,248,5,20
975,248,72,9
976,248,48,4
977,248,5,7
978,248,89,13
979,248,48,4
980,249,79,7
981,249,62,13
982,249,27,10
983,250,78,12
984,250,81,4
985,250,37,1
986,251,54,18
987,251,49,12
988,251,30,4
989,251,80,13
990,251,29,5
991,251,84,8
992,251,83,4
993,252,1,11
994,252,74,4
995,252,68,8
996,253,62,19
997,253,27,4
998,253,42,5
999,254,79,20
1000,254,48,16
1001,254,43,5
1002,254,14,14
1003,254,62,6
1004,255,38,11
1005,255,93,6
1006,255,73,16
1007,255,89,15
1008,255,94,4
1009,255,57,12
1010,256,99,13
1011,256,71,7
1012,256,99,14
1013,256,4,4
1014,257,71,7
1015,257,5,8
1016,257,99,2
1017,257,52,10
1018,257,89,10
1019,257,69,9
1020,258,82,4
1021,258,88,6
1022,258,90,4
1023,258,6,6
1024,258,63,5
1025,258,10,14
1026,258,3,11
1027,258,31,6
1028,259,48,13
1029,259,27,5
1030,259,32,14
1031,259,79,5
1032,260,94,6
1033,260,48,2
1034,260,89,5
1035,260,42,5
1036,260,55,14
1037,260,89,2
1038,261,73,16
1039,261,55,16
1040,262,48,3
1041,262,93,17
1042,262,48,19
1043,262,55,10
1044,262,62,7
1045,263,66,20
1046,263,67,13
1047,263,22,3
1048,263,17,2
1049,264,16,18
1050,264,92,9
1051,264,28,5
1052,265,65,7
1053,265,13,3
1054,265,33,4
1055,265,66,2
1056,265,59,11
1057,265,37,8
1058,265,51,19
1059,266,98,4
1060,267,62,3
1061,267,48,11
1062,267,57,5
1063,267,48,6
1064,267,94,6
1065,268,5,19
1066,268,48,20
1067,268,4,16
1068,268,89,13
1069,269,95,8
1070,270,32,9
1071,270,14,3
1072,270,43,3
1073,270,14,2
1074,270,93,2
1075,271,48,15
1076,272,98,10
1077,272,67,5
1078,273,18,15
1079,273,78,4
1080,274,30,14
1081,274,86,2
1082,274,47,16
1083,274,33,2
1084,275,48,12
1085,276,73,7
1086,276,32,3
1087,276,52,7
1088,276,69,4
1089,277,89,5
1090,277,27,13
1091,277,57,20
1092,277,48,20
1093,277,95,8
1094,278,45,14
1095,278,36,5
1096,278,39,7
1097,278,67,13
1098,278,13,1
1099,278,54,10
1100,278,1,9
1101,279,83,6
1102,280,45,12
1103,280,98,4
1104,280,10,12
1105,281,51,2
1106,281,12,16
1107,281,53,9
1108,281,37,9
1109,282,37,3
1110,282,49,8
1111,282,54,7
1112,283,72,5
1113,283,5,6
1114,283,42,7
1115,283,72,6
1116,283,48,13
1117,283,94,16
1118,284,52,16
1119,285,47,16
1120,285,53,5
1121,285,54,7
1122,285,30,3
1123,285,82,4
1124,285,84,16
1125,286,92,17
1126,286,9,8
1127,286,8,3
1128,287,75,17
1129,287,76,11
1130,287,3,7
1131,287,60,8
1132,288,24,12
1133,289,18,16
1134,289,87,17
1135,289,16,3
1136,289,74,5
1137,290,47,17
1138,290,68,8
1139,290,96,9
1140,290,2,11
1141,290,19,7
1142,290,68,20
1143,290,88,19
1144,291,39,8
1145,291,2,7
1146,292,83,16
1147,292,58,20
1148,292,92,7
1149,293,4,12
1150,294,94,12
1151,294,48,5
1152,294,94,7
1153,294,71,2
1154,294,41,6
1155,295,4,16
1156,295,93,11
1157,295,79,8
1158,295,48,2
1159,295,34,10
1160,296,49,11
1161,296,15,9
1162,297,38,20
1163,298,48,13
1164,298,55,4
1165,298,57,7
1166,298,38,13
1167,299,69,14
1168,299,55,4
1169,299,55,14
1170,299,48,3
1171,299,32,3
1172,300,72,11
1173,301,11,13
1174,302,2,3
1175,302,78,11
1176,302,15,6
1177,302,88,6
1178,303,35,9
1179,304,18,17
1180,304,35,17
1181,304,59,5
1182,305,18,19
1183,305,2,8
1184,305,86,10
1185,305,58,17
1186,305,56,2
1187,306,79,7
1188,307,36,6
1189,307,22,6
1190,307,50,7
1191,307,21,4
1192,308,83,3
1193,309,84,11
1194,309,25,9
1195,309,29,16
1196,309,53,13
1197,310,47,9
1198,311,9,9
1199,311,90,4
1200,312,37,7
1201,313,3,6
1202,314,15,9
1203,315,79,15
1204,315,48,3
1205,315,73,6
1206,315,48,3
1207,315,69,11
1208,315,72,15
1209,316,55,9
1210,316,5,2
1211,316,95,8
1212,317,93,18
1213,317,69,8
1214,317,55,11
1215,317,62,19
1216,317,69,17
1217,317,5,11
1218,318,34,2
1219,318,95,5
1220,319,18,18
1221,319,16,4
1222,319,56,16
1223,319,54,3
1224,319,6,9
1225,320,47,8
1226,320,28,5
1227,320,37,7
1228,320,10,17
1229,320,28,8
1230,320,98,7
1231,321,9,16
1232,321,19,3
1233,321,54,5
1234,322,8,2
1235,322,65,11
1236,323,21,14
1237,323,96,3
1238,323,1,3
1239,323,37,3
1240,323,68,5
1241,323,13,6
1242,323,58,2
1243,323,12,13
1244,324,70,9
1245,324,87,4
1246,324,13,5
1247,324,15,5
1248,324,45,5
1249,325,5,9
1250,325,34,7
1251,325,48,20
1252,325,55,6
1253,325,95,11
1254,326,79,12
1255,326,32,7
1256,326,55,11
1257,326,48,5
1258,326,48,6
1259,326,69,7
1260,327,94,20
1261,327,95,18
1262,327,48,14
1263,327,48,1
1264,328,94,16
1265,328,48,3
1266,328,48,17
1267,328,89,10
1268,328,93,1
1269,328,48,3
1270,329,94,12
1271,329,55,5
1272,329,94,20
1273,330,81,7
1274,330,98,10
1275,330,21,12
1276,330,67,2
1277,330,45,6
1278,330,97,7
1279,330,59,4
1280,331,33,2
1281,331,44,5
1282,331,37,7
1283,331,9,5
1284,331,18,13
1285,332,71,14
1286,333,38,5
1287,334,72,4
1288,334,52,13
1289,334,38,9
1290,334,4,6
1291,334,34,2
1292,335,99,1
1293,335,57,15
1294,336,79,5
1295,336,34,10
1296,336,42,4
1297,336,5,2
1298,336,4,3
1299,336,41,10
1300,337,69,5
1301,337,48,15
1302,337,27,20
1303,337,27,10
1304,337,41,5
1305,338,87,4
1306,338,21,9
1307,338,58,5
1308,339,74,6
1309,339,98,7
1310,340,55,8
1311,341,4,13
1312,342,38,9
1313,342,71,9
1314,342,89,20
1315,342,48,11
1316,342,34,6
1317,342,38,12
1318,343,52,12
1319,343,71,7
1320,343,94,9
1321,343,79,3
1322,343,42,4
1323,343,5,10
1324,344,48,16
1325,344,4,10
1326,344,27,3
1327,344,52,5
1328,345,48,14
1329,345,62,2
1330,345,62,19
1331,345,55,15
1332,345,42,2
1333,346,55,17
1334,346,93,2
1335,346,48,16
1336,346,27,3
1337,347,43,7
1338,347,72,7
1339,347,89,3
1340,348,62,2
1341,348,55,10
1342,348,89,8
1343,348,48,7
1344,349,66,2
1345,349,82,3
1346,349,65,4
1347,349,35,5
1348,349,81,19
1349,349,53,16
1350,349,12,8
1351,350,19,14
1352,350,33,4
1353,350,17,3
1354,350,7,10
1355,350,83,3
1356,350,15,15
1357,350,12,4
1358,351,98,12
1359,351,15,4
1360,351,28,5
1361,351,75,11
1362,351,63,13
1363,351,20,4
1364,351,76,16
1365,352,2,15
1366,352,54,4
1367,352,18,19
1368,352,29,11
1369,353,77,7
1370,353,29,7
1371,354,89,12
1372,354,48,7
1373,354,5,13
1374,355,57,11
1375,355,48,2
1376,356,43,12
1377,357,93,3
1378,357,43,7
1379,357,94,4
1380,357,55,4
1381,358,57,12
1382,358,79,4
1383,358,57,12
1384,358,95,8
1385,359,43,12
1386,359,48,2
1387,360,94,9
1388,360,43,6
1389,360,99,4
1390,360,94,5
1391,360,89,2
1392,361,37,17
1393,361,96,14
1394,361,18,3
1395,361,46,16
1396,361,88,19
1397,361,61,20
1398,362,23,6
1399,363,1,3
1400,363,33,16
1401,363,86,11
1402,363,37,7
1403,363,87,9
1404,363,80,3
1405,363,53,5
1406,363,2,11
1407,364,98,5
1408,364,51,10
1409,364,17,2
1410,364,45,5
1411,364,66,12
1412,364,6,17
1413,364,75,6
1414,364,67,13
1415,365,36,7
1416,365,70,13
1417,365,24,11
1418,365,83,8
1419,366,41,19
1420,366,94,9
1421,366,48,4
1422,366,79,3
1423,366,55,11
1424,367,52,3
1425,367,48,6
1426,368,95,4
1427,368,69,9
1428,368,79,3
1429,368,32,16
1430,368,94,3
1431,368,71,16
1432,369,4,9
1433,369,48,8
1434,370,41,16
1435,370,32,18
1436,370,48,2
1437,371,79,6
1438,371,72,11
1439,371,69,5
1440,371,32,12
1441,371,38,12
1442,371,73,3
1443,372,89,13
1444,372,48,3
1445,373,2,15
1446,373,40,2
1447,373,31,15
1448,374,83,17
1449,374,31,10
1450,374,26,2
1451,374,13,8
1452,374,100,3
1453,374,68,12
1454,374,56,3
1455,374,1,6
1456,375,92,13
1457,375,58,7
1458,375,35,8
1459,376,88,2
1460,376,33,11
1461,376,51,6
1462,376,28,8
1463,376,21,3
1464,376,46,9
1465,376,61,7
1466,376,47,10
1467,377,2,6
1468,377,16,9
1469,377,91,2
1470,378,50,10
1471,378,83,4
1472,378,1,4
1473,378,87,8
1474,378,97,7
1475,378,9,2
1476,378,61,20
1477,379,96,11
1478,379,13,6
1479,380,59,10
1480,380,13,2
1481,380,90,5
1482,380,59,12
1483,380,74,7
1484,380,100,9
1485,380,22,3
1486,380,1,3
1487,381,5,17
1488,381,57,20
1489,381,94,14
1490,381,99,2
1491,382,14,17
1492,382,69,9
1493,382,93,7
1494,382,73,12
1495,383,99,17
1496,383,4,19
1497,383,42,15
1498,383,48,3
1499,384,95,13
1500,384,94,3
1501,385,31,18
1502,385,96,7
1503,385,21,8
1504,385,75,3
1505,385,65,7
1506,385,36,4
1507,385,58,13
1508,386,1,17
1509,386,91,13
1510,386,51,7
1511,386,12,20
1512,386,21,2
1513,387,58,2
1514,387,74,7
1515,387,85,1
1516,387,97,2
1517,387,11,5
1518,387,26,2
1519,387,37,11
1520,387,56,5
1521,388,32,9
1522,388,95,10
1523,388,57,2
1524,389,27,18
1525,389,48,7
1526,390,71,12
1527,390,43,5
1528,391,26,9
1529,391,85,10
1530,392,8,7
1531,392,28,8
1532,392,92,4
1533,392,37,11
1534,392,28,5
1535,393,19,8
1536,393,96,8
1537,393,17,17
1538,393,13,18
1539,393,26,2
1540,393,82,6
1541,393,2,8
1542,394,42,15
1543,394,89,4
1544,395,48,17
1545,395,38,3
1546,395,99,12
1547,395,48,4
1548,395,48,12
1549,396,48,20
1550,396,32,6
1551,396,48,2
1552,397,99,17
1553,397,32,4
1554,397,48,10
1555,397,79,4
1556,397,73,6
1557,397,52,10
1558,398,21,5
1559,398,33,11
1560,398,15,9
1561,398,88,11
1562,398,70,14
1563,398,7,4
1564,399,88,12
1565,400,18,16
1566,400,10,3
1567,400,67,9
1568,401,50,16
1569,402,88,6
1570,402,83,4
1571,402,50,2
1572,402,23,16
1573,403,94,3
1574,403,99,8
1575,403,93,4
1576,403,32,2
1577,404,27,17
1578,404,48,12
1579,404,43,8
1580,404,72,5
1581,405,72,12
1582,405,34,8
1583,405,72,5
1584,405,55,10
1585,406,48,7
1586,407,57,20
1587,407,34,18
1588,407,38,9
1589,407,62,11
1590,407,4,15
1591,408,48,10
1592,409,73,15
1593,409,42,2
1594,409,42,6
1595,410,32,7
1596,410,52,6
1597,410,99,4
1598,411,41,19
1599,411,99,20
1600,411,41,10
1601,411,27,10
1602,411,41,18
1603,412,48,17
1604,413,69,5
1605,413,32,4
1606,414,35,15
1607,414,3,2
1608,414,3,12
1609,414,96,8
1610,415,87,6
1611,416,86,8
1612,417,39,9
1613,418,69,15
1614,419,55,16
1615,419,95,14
1616,419,48,6
1617,420,93,2
1618,420,4,14
1619,420,93,14
1620,420,32,4
1621,420,72,13
1622,420,79,4
1623,421,48,8
1624,421,71,8
1625,422,92,3
1626,423,15,15
1627,423,15,3
1628,423,61,7
1629,423,87,3
1630,423,51,12
1631,423,68,5
1632,423,83,2
1633,423,75,15
1634,424,99,19
1635,424,94,6
1636,424,48,8
1637,424,99,4
1638,424,99,3
1639,425,72,2
1640,425,62,11
1641,426,42,3
1642,426,27,6
1643,427,55,2
1644,427,5,5
1645,427,99,11
1646,427,48,5
1647,428,4,3
1648,428,99,8
1649,428,71,5
1650,428,27,8
1651,428,71,6
1652,429,69,12
1653,430,18,15
1654,430,21,5
1655,430,60,20
1656,430,35,17
1657,430,30,14
1658,430,33,6
1659,430,12,8
1660,430,33,10
1661,431,94,14
1662,431,57,5
1663,432,34,10
1664,432,55,6
1665,432,34,13
1666,432,48,3
1667,432,79,17
1668,433,94,14
1669,433,43,5
1670,433,48,16
1671,434,15,3
1672,434,18,16
1673,434,74,2
1674,434,3,8
1675,435,23,9
1676,435,100,5
1677,436,69,6
1678,436,4,8
1679,437,94,18
1680,437,62,5
1681,437,32,8
1682,437,69,6
1683,437,73,16
1684,437,34,11
1685,438,48,13
1686,438,52,7
1687,438,48,3
1688,438,72,5
1689,439,94,12
1690,440,55,17
1691,440,48,4
1692,440,57,12
1693,440,71,11
1694,440,27,6
1695,440,48,11
1696,441,57,11
1697,441,52,3
1698,442,42,6
1699,443,53,20
1700,443,45,15
1701,443,6,2
1702,443,37,9
1703,444,50,14
1704,444,97,5
1705,444,45,2
1706,444,74,10
1707,444,24,8
1708,445,40,4
1709,445,47,13
1710,445,80,3
1711,445,53,4
1712,445,28,6
1713,445,53,7
1714,446,73,10
1715,446,48,3
1716,447,27,8
1717,448,48,3
1718,448,48,13
1719,449,63,7
1720,449,1,2
1721,449,18,2
1722,449,3,6
1723,449,49,7
1724,449,60,10
1725,449,68,3
1726,449,51,11
1727,450,83,13
1728,450,97,6
1729,450,40,9
1730,450,44,7
1731,450,22,5
1732,450,20,3
1733,450,50,6
1734,451,88,9
1735,452,40,19
1736,452,24,12
1737,452,17,7
1738,452,35,8
1739,452,11,8
1740,452,20,13
1741,453,53,11
1742,453,60,7
1743,453,35,16
1744,453,16,14
1745,453,44,3
1746,453,16,2
1747,453,25,18
1748,453,60,17
1749,454,31,4
1750,454,78,3
1751,454,87,11
1752,455,57,20
1753,455,48,3
1754,455,71,9
1755,455,93,3
1756,456,42,12
1757,456,94,6
1758,456,32,15
1759,457,71,6
1760,457,99,10
1761,457,48,14
1762,458,93,12
1763,458,5,2
1764,458,14,2
1765,458,48,18
1766,459,70,11
1767,459,37,3
1768,460,91,14
1769,460,66,2
1770,460,82,8
1771,461,53,7
1772,461,51,11
1773,461,87,12
1774,462,36,13
1775,463,48,9
1776,463,43,4
1777,463,48,3
1778,463,93,6
1779,463,14,11
1780,463,38,5
1781,464,43,20
1782,464,27,12
1783,464,69,8
1784,464,48,6
1785,464,48,7
1786,464,27,4
1787,465,99,14
1788,465,94,4
1789,465,48,5
1790,465,5,4
1791,466,14,13
1792,466,55,1
1793,466,14,4
1794,467,97,15
1795,467,21,2
1796,467,30,12
1797,468,80,3
1798,469,26,20
1799,469,54,4
1800,469,76,11
1801,469,87,3
1802,469,56,6
1803,469,67,13
1804,469,7,2
1805,470,97,2
1806,470,76,6
1807,470,15,20
1808,470,36,19
1809,470,23,19
1810,470,46,8
1811,471,88,19
1812,472,18,4
1813,472,80,8
1814,472,31,4
1815,472,68,13
1816,473,83,14
1817,473,9,6
1818,473,19,8
1819,473,58,2
1820,474,17,1
1821,474,45,14
1822,475,15,2
1823,475,77,11
1824,475,54,7
1825,475,70,17
1826,475,33,20
1827,476,61,17
1828,476,33,6
1829,477,53,3
1830,477,10,2
1831,478,95,4
1832,478,79,12
1833,478,5,14
1834,478,5,4
1835,479,38,11
1836,479,38,4
1837,479,69,2
1838,479,89,19
1839,479,69,3
1840,480,71,8
1841,480,55,8
1842,480,4,16
1843,480,55,10
1844,480,34,4
1845,481,34,6
1846,481,5,10
1847,481,42,3
1848,481,48,17
1849,482,89,2
1850,482,55,13
1851,483,48,6
1852,483,69,11
1853,483,34,16
1854,484,57,2
1855,484,48,13
1856,485,41,7
1857,485,69,3
1858,485,89,10
1859,485,42,5
1860,486,53,6
1861,486,39,3
1862,486,7,3
1863,486,58,2
1864,487,58,13
1865,487,44,6
1866,487,100,14
1867,487,86,5
1868,487,66,19
1869,487,60,17
1870,487,22,15
1871,488,35,12
1872,488,2,4
1873,488,44,7
1874,488,75,7
1875,488,45,3
1876,488,97,9
1877,488,1,10
1878,489,36,4
1879,489,31,15
1880,489,100,6
1881,489,77,2
1882,489,37,5
1883,489,46,6
1884,489,24,11
1885,490,90,20
1886,490,28,15
1887,490,87,2
1888,490,31,9
1889,490,83,1
1890,490,68,6
1891,490,22,10
1892,491,3,7
1893,491,13,5
1894,492,22,17
1895,492,88,20
1896,492,81,11
1897,492,40,2
1898,492,12,5
1899,492,3,19
1900,493,73,12
1901,493,48,4
1902,493,71,11
1903,493,48,4
1904,494,73,9
1905,494,62,8
1906,494,48,12
1907,494,94,2
1908,494,14,4
1909,495,77,13
1910,495,19,4
1911,495,15,2
1912,495,7,5
1913,495,98,13
1914,496,80,7
1915,496,15,11
1916,496,13,6
1917,497,7,7
1918,497,17,9
1919,498,11,4
1920,498,47,8
1921,498,84,2
1922,498,45,2
1923,498,83,12
1924,499,45,3
1925,499,8,3
1926,499,100,6
1927,499,47,3
1928,500,25,4
1929,501,99,6
1930,502,4,19
1931,502,55,9
1932,502,48,5
1933,502,72,3
1934,502,48,2
1935,503,62,14
1936,503,62,2
1937,503,79,17
1938,504,94,18
1939,504,48,16
1940,504,52,16
1941,504,41,16
1942,504,34,7
1943,505,24,12
1944,505,56,6
1945,505,70,11
1946,505,35,6
1947,505,25,4
1948,505,65,11
1949,506,73,8
1950,506,99,8
1951,506,72,19
1952,506,38,13
1953,506,52,5
1954,507,48,4
1955,507,69,10
1956,507,48,2
1957,507,94,19
1958,507,57,1
1959,508,5,2
1960,508,14,7
1961,509,41,8
1962,509,71,2
1963,510,79,15
1964,510,79,5
1965,510,94,17
1966,511,10,9
1967,511,68,9
1968,511,1,7
1969,512,48,5
1970,512,57,13
1971,512,89,13
1972,512,48,2
1973,512,38,3
1974,513,58,17
1975,513,21,6
1976,513,61,2
1977,513,20,8
1978,513,13,20
1979,513,67,17
1980,513,87,11
1981,513,15,8
1982,514,100,1
1983,515,97,9
1984,515,35,11
1985,515,2,2
1986,516,67,14
1987,517,37,9
1988,518,44,3
1989,518,1,6
1990,518,35,5
1991,518,35,17
1992,519,27,10
1993,519,69,5
1994,519,38,5
1995,519,4,16
1996,519,72,16
1997,519,48,10
1998,520,51,13
1999,520,90,3
2000,520,2,5
2001,520,46,13
2002,520,10,2
2003,520,82,17
2004,520,86,19
2005,521,3,3
2006,521,15,12
2007,521,15,2
2008,521,13,2
2009,521,40,8
2010,521,64,2
2011,522,21,16
2012,522,15,20
2013,522,40,9
2014,522,23,9
2015,522,88,18
2016,523,8,10
2017,523,98,7
2018,523,44,5
2019,523,77,7
2020,523,15,5
2021,523,9,16
2022,524,83,18
2023,524,30,14
2024,524,63,2
2025,524,15,14
2026,524,8,6
2027,524,37,19
2028,524,88,14
2029,524,11,4
2030,525,72,5
2031,525,48,8
2032,525,99,4
2033,526,4,11
2034,526,55,3
2035,526,4,6
2036,526,99,19
2037,526,48,10
2038,527,34,8
2039,528,69,13
2040,528,14,7
2041,528,72,3
2042,528,48,4
2043,528,48,5
2044,528,14,5
2045,529,4,13
2046,530,36,20
2047,530,50,16
2048,530,56,11
2049,530,35,2
2050,530,19,7
2051,530,47,7
2052,531,1,10
2053,531,37,2
2054,532,88,20
2055,532,87,4
2056,532,59,7
2057,532,85,8
2058,533,1,4
2059,533,81,4
2060,533,7,3
2061,533,56,8
2062,534,48,13
2063,535,34,4
2064,535,48,6
2065,535,71,5
2066,535,48,3
2067,536,1,5
2068,536,3,14
2069,536,37,6
2070,536,13,9
2071,536,25,5
2072,536,21,2
2073,536,51,16
2074,537,50,18
2075,537,86,12
2076,537,10,2
2077,537,23,4
2078,537,66,3
2079,537,28,7
2080,537,9,3
2081,538,66,3
2082,538,64,1
2083,538,63,3
2084,538,23,7
2085,538,29,5
2086,538,44,16
2087,539,3,11
2088,539,25,7
2089,539,83,2
2090,539,53,14
2091,539,22,15
2092,540,34,4
2093,540,99,10
2094,540,5,3
2095,540,27,12
2096,541,94,11
2097,541,42,3
2098,541,95,4
2099,541,41,4
2100,541,34,3
2101,542,38,13
2102,543,42,9
2103,543,73,11
2104,543,43,11
2105,543,94,2
2106,544,14,1
2107,544,55,5
2108,545,1,18
2109,545,88,10
2110,545,56,4
2111,545,85,4
2112,545,97,3
2113,545,22,11
2114,545,37,3
2115,546,84,14
2116,546,37,2
2117,546,54,14
2118,546,36,5
2119,546,97,12
2120,546,84,3
2121,547,99,19
2122,547,48,8
2123,547,14,12
2124,547,48,13
2125,547,93,4
2126,547,93,15
2127,548,48,8
2128,548,41,2
2129,548,27,7
2130,548,52,6
2131,549,62,20
2132,549,4,2
2133,549,32,3
2134,549,55,3
2135,549,69,3
2136,550,32,20
2137,551,67,6
2138,552,59,18
2139,552,11,14
2140,552,83,3
2141,552,63,20
2142,552,25,15
2143,552,45,2
2144,552,59,2
2145,552,70,18
2146,553,36,4
2147,553,30,14
2148,553,45,20
2149,553,9,13
2150,553,7,4
2151,553,26,17
2152,553,8,8
2153,554,41,16
2154,554,43,15
2155,554,89,4
2156,555,48,6
2157,555,69,8
2158,555,48,2
2159,555,99,4
2160,556,48,6
2161,556,48,10
2162,557,55,20
2163,557,69,20
2164,557,93,14
2165,557,73,6
2166,557,89,12
2167,557,71,6
2168,558,42,9
2169,558,48,2
2170,558,72,7
2171,559,34,9
2172,559,89,4
2173,559,71,1
2174,559,32,15
2175,559,48,5
2176,559,52,12
2177,560,66,7
2178,560,16,2
2179,561,48,4
2180,561,55,5
2181,562,48,2
2182,562,99,15
2183,562,48,15
2184,562,41,4
2185,563,99,9
2186,563,79,7
2187,563,4,13
2188,563,55,2
2189,563,48,5
2190,564,21,14
2191,564,47,5
2192,564,51,15
2193,564,26,5
2194,564,66,6
2195,564,37,5
2196,564,8,7
2197,565,50,19
2198,565,83,2
2199,566,63,5
2200,566,47,13
2201,566,87,2
2202,567,45,16
2203,567,97,18
2204,567,11,15
2205,567,15,3
2206,567,56,15
2207,568,18,5
2208,568,68,11
2209,569,19,8
2210,570,53,6
2211,570,39,11
2212,570,21,13
2213,570,96,6
2214,570,90,15
2215,570,31,3
2216,571,71,9
2217,571,93,4
2218,571,48,5
2219,571,89,14
2220,571,32,3
2221,571,41,4
2222,572,99,20
2223,572,48,14
2224,572,48,5
2225,572,72,3
2226,572,32,7
2227,572,43,3
2228,573,38,19
2229,573,32,16
2230,574,22,8
2231,574,54,9
2232,574,21,17
2233,574,21,15
2234,574,21,2
2235,574,63,5
2236,574,15,15
2237,574,84,17
2238,575,23,20
2239,575,16,11
2240,575,88,2
2241,575,17,5
2242,575,81,13
2243,576,30,9
2244,577,25,6
2245,578,74,12
2246,578,47,4
2247,578,56,3
2248,578,92,4
2249,578,17,5
2250,578,83,3
2251,578,60,3
2252,579,60,19
2253,579,82,15
2254,579,36,5
2255,579,97,10
2256,579,46,9
2257,579,16,17
2258,580,43,12
2259,580,52,7
2260,580,79,2
2261,580,55,5
2262,580,95,8
2263,580,99,2
2264,581,73,20
2265,581,52,16
2266,581,5,10
2267,582,38,4
2268,582,43,7
2269,582,48,8
2270,582,42,7
2271,583,71,20
2272,583,48,6
2273,583,55,8
2274,584,62,13
2275,584,48,3
2276,584,48,3
2277,584,71,4
2278,584,55,11
2279,585,28,13
2280,585,81,2
2281,585,70,2
2282,585,96,6
2283,586,48,10
2284,586,48,3
2285,587,41,4
2286,587,55,5
2287,587,48,3
2288,588,71,5
2289,588,48,6
2290,588,27,2
2291,588,27,5
2292,588,4,10
2293,588,38,2
2294,589,62,15
2295,589,94,3
2296,590,57,19
2297,590,32,5
2298,590,27,9
2299,590,55,11
2300,591,45,9
2301,591,80,6
2302,591,37,3
2303,591,6,7
2304,591,13,3
2305,591,59,6
2306,592,27,10
2307,592,72,9
2308,592,55,2
2309,592,5,4
2310,592,5,18
2311,592,27,9
2312,593,72,13
2313,593,69,3
2314,593,42,15
2315,594,93,14
2316,595,87,5
2317,595,18,8
2318,595,87,2
2319,595,97,2
2320,595,37,15
2321,595,6,2
2322,596,50,4
2323,596,47,10
2324,596,1,5
2325,596,64,10
2326,596,66,9
2327,596,40,9
2328,596,7,11
2329,596,96,3
2330,597,76,18
2331,597,12,4
2332,597,2,14
2333,597,28,17
2334,597,82,4
2335,597,17,13
2336,597,100,20
2337,597,56,3
2338,598,40,10
2339,599,26,10
2340,599,21,3
2341,599,28,2
2342,599,81,4
2343,600,93,3
2344,600,48,13
2345,600,95,19
2346,600,38,3
2347,600,55,6
2348,601,48,16
2349,601,48,7
2350,601,32,12
2351,601,48,2
2352,601,48,15
2353,601,27,16
2354,602,4,12
2355,603,48,11
2356,603,48,2
2357,603,69,3
2358,603,94,6
2359,603,69,10
2360,603,48,20
2361,604,53,11
2362,604,78,5
2363,605,6,2
2364,605,2,11
2365,605,83,7
2366,605,26,9
2367,605,21,9
2368,605,3,20
2369,605,21,2
2370,605,60,17
2371,606,53,7
2372,606,60,5
2373,606,81,4
2374,606,61,11
2375,606,63,4
2376,606,49,14
2377,606,15,5
2378,606,70,11
2379,607,62,14
2380,608,48,18
2381,608,79,17
2382,609,34,5
2383,609,4,7
2384,609,48,3
2385,610,57,16
2386,611,99,10
2387,611,93,8
2388,611,71,7
2389,612,36,2
2390,613,30,9
2391,613,83,2
2392,613,33,4
2393,614,14,19
2394,615,79,20
2395,615,69,3
2396,615,93,11
2397,616,48,10
2398,616,71,7
2399,617,32,2
2400,617,69,4
2401,617,27,4
2402,617,95,3
2403,618,58,17
2404,618,84,12
2405,618,31,4
2406,618,16,11
2407,618,91,6
2408,618,7,8
2409,618,19,11
2410,619,61,8
2411,619,25,5
2412,619,9,5
2413,619,37,11
2414,619,82,7
2415,619,84,5
2416,619,15,13
2417,619,21,16
2418,620,30,11
2419,620,75,5
2420,620,36,13
2421,620,91,4
2422,620,21,18
2423,620,82,11
2424,620,83,8
2425,621,88,17
2426,622,34,11
2427,622,48,7
2428,622,4,17
2429,622,62,8
2430,622,34,10
2431,622,71,9
2432,623,43,15
2433,623,32,4
2434,623,99,8
2435,623,48,12
2436,623,48,11
2437,624,84,8
2438,625,64,20
2439,625,1,20
2440,625,37,7
2441,625,92,13
2442,625,40,16
2443,625,96,13
2444,625,77,4
2445,625,19,2
2446,626,46,18
2447,626,92,5
2448,626,19,10
2449,626,17,3
2450,626,75,19
2451,626,76,6
2452,626,49,8
2453,626,96,2
2454,627,15,7
2455,627,45,2
2456,627,92,7
2457,627,100,4
2458,628,37,11
2459,628,88,8
2460,628,44,10
2461,628,74,4
2462,628,16,5
2463,628,60,7
2464,628,54,5
2465,628,9,3
2466,629,59,20
2467,629,97,16
2468,629,98,6
2469,629,66,8
2470,629,91,5
2471,629,50,14
2472,629,26,6
2473,629,76,6
2474,630,68,9
2475,630,61,2
2476,630,20,5
2477,630,83,20
2478,630,6,8
2479,631,4,12
2480,631,4,4
2481,631,4,4
2482,631,48,4
2483,631,79,6
2484,631,48,6
2485,632,69,14
2486,632,62,6
2487,632,27,6
2488,632,48,14
2489,633,72,13
2490,633,71,6
2491,633,48,10
2492,634,62,8
2493,634,5,7
2494,634,93,2
2495,634,48,9
2496,634,42,4
2497,634,71,2
2498,635,64,2
2499,635,15,16
2500,635,70,16
2501,635,67,6
2502,635,13,6
2503,635,21,5
2504,636,76,16
2505,636,66,13
2506,636,13,4
2507,636,36,20
2508,636,31,10
2509,636,47,3
2510,637,39,17
2511,637,68,20
2512,637,31,12
2513,637,56,3
2514,637,68,4
2515,637,21,12
2516,637,11,2
2517,638,44,18
2518,638,44,16
2519,638,83,12
2520,638,70,7
2521,638,54,2
2522,638,19,2
2523,639,34,20
2524,639,62,16
2525,639,34,20
2526,639,48,15
2527,639,79,2
2528,639,73,6
2529,640,79,12
2530,640,5,1
2531,640,32,10
2532,641,57,12
2533,641,48,4
2534,641,32,7
2535,641,41,11
2536,641,57,2
2537,642,52,3
2538,643,66,15
2539,643,37,2
2540,643,81,13
2541,643,8,6
2542,644,36,11
2543,645,19,20
2544,645,15,14
2545,646,96,3
2546,646,24,3
2547,646,35,9
2548,646,78,4
2549,646,40,9
2550,646,46,5
2551,646,19,4
2552,646,51,8
2553,647,20,4
2554,647,37,8
2555,647,53,7
2556,647,98,12
2557,647,65,7
2558,647,1,15
2559,647,40,4
2560,647,40,10
2561,648,25,20
2562,648,19,7
2563,648,16,8
