"id_tienda","id_categoria","id_producto","id_fp","hora"
1,9,89,1,"2021-06-12 09:00:00"
1,11,5,2,"2021-06-12 09:00:00"
1,12,79,3,"2021-06-12 09:00:00"
1,10,62,4,"2021-06-12 09:00:00"
1,10,43,5,"2021-06-12 09:00:00"
1,10,62,6,"2021-06-12 09:00:00"
1,14,4,7,"2021-06-12 09:00:00"
1,11,72,8,"2021-06-12 09:00:00"
1,9,27,9,"2021-06-12 09:00:00"
1,9,27,10,"2021-06-12 09:00:00"
1,12,34,11,"2021-06-12 09:00:00"
1,12,14,12,"2021-06-12 09:00:00"
2,3,17,13,"2021-06-12 09:00:00"
2,7,20,14,"2021-06-12 09:00:00"
2,7,65,15,"2021-06-12 09:00:00"
2,2,28,16,"2021-06-12 09:00:00"
2,8,24,17,"2021-06-12 09:00:00"
2,4,80,18,"2021-06-12 09:00:00"
2,6,6,19,"2021-06-12 09:00:00"
2,1,66,20,"2021-06-12 09:00:00"
2,2,67,21,"2021-06-12 09:00:00"
2,3,3,22,"2021-06-12 09:00:00"
2,6,26,23,"2021-06-12 09:00:00"
2,5,15,24,"2021-06-12 09:00:00"
2,5,21,25,"2021-06-12 09:00:00"
2,7,76,26,"2021-06-12 09:00:00"
2,2,45,27,"2021-06-12 09:00:00"
2,8,23,28,"2021-06-12 09:00:00"
2,8,84,29,"2021-06-12 09:00:00"
2,7,9,30,"2021-06-12 09:00:00"
2,3,13,31,"2021-06-12 09:00:00"
2,5,15,32,"2021-06-12 09:00:00"
2,5,37,33,"2021-06-12 09:00:00"
2,2,28,34,"2021-06-12 09:00:00"
2,6,6,35,"2021-06-12 09:00:00"
2,5,83,36,"2021-06-12 09:00:00"
2,6,77,37,"2021-06-12 09:00:00"
2,6,82,38,"2021-06-12 09:00:00"
1,10,95,39,"2021-06-12 10:00:00"
1,12,34,40,"2021-06-12 10:00:00"
1,12,79,41,"2021-06-12 10:00:00"
1,11,5,42,"2021-06-12 10:00:00"
1,12,34,43,"2021-06-12 10:00:00"
1,13,48,44,"2021-06-12 10:00:00"
1,9,27,45,"2021-06-12 10:00:00"
1,14,94,46,"2021-06-12 10:00:00"
1,14,4,47,"2021-06-12 10:00:00"
1,12,73,48,"2021-06-12 10:00:00"
1,14,32,49,"2021-06-12 10:00:00"
1,14,94,50,"2021-06-12 10:00:00"
1,13,48,51,"2021-06-12 10:00:00"
1,11,72,52,"2021-06-12 10:00:00"
1,11,71,53,"2021-06-12 10:00:00"
1,11,5,54,"2021-06-12 10:00:00"
2,7,46,55,"2021-06-12 10:00:00"
2,6,6,56,"2021-06-12 10:00:00"
2,8,100,57,"2021-06-12 10:00:00"
2,5,83,58,"2021-06-12 10:00:00"
2,7,91,59,"2021-06-12 10:00:00"
2,8,84,60,"2021-06-12 10:00:00"
2,7,68,61,"2021-06-12 10:00:00"
2,1,10,62,"2021-06-12 10:00:00"
2,7,76,63,"2021-06-12 10:00:00"
2,7,91,64,"2021-06-12 10:00:00"
2,6,58,65,"2021-06-12 10:00:00"
2,7,20,66,"2021-06-12 10:00:00"
1,12,79,67,"2021-06-12 11:00:00"
1,12,34,68,"2021-06-12 11:00:00"
1,11,99,69,"2021-06-12 11:00:00"
1,14,57,70,"2021-06-12 11:00:00"
1,9,27,71,"2021-06-12 11:00:00"
1,12,14,72,"2021-06-12 11:00:00"
1,9,55,73,"2021-06-12 11:00:00"
1,14,94,74,"2021-06-12 11:00:00"
1,13,48,75,"2021-06-12 11:00:00"
1,12,52,76,"2021-06-12 11:00:00"
1,12,73,77,"2021-06-12 11:00:00"
1,10,62,78,"2021-06-12 11:00:00"
1,10,41,79,"2021-06-12 11:00:00"
1,14,4,80,"2021-06-12 11:00:00"
1,9,27,81,"2021-06-12 11:00:00"
1,12,52,82,"2021-06-12 11:00:00"
1,14,4,83,"2021-06-12 11:00:00"
1,9,55,84,"2021-06-12 11:00:00"
1,13,48,85,"2021-06-12 11:00:00"
1,12,42,86,"2021-06-12 11:00:00"
2,7,91,87,"2021-06-12 11:00:00"
2,7,74,88,"2021-06-12 11:00:00"
2,8,24,89,"2021-06-12 11:00:00"
2,5,83,90,"2021-06-12 11:00:00"
2,6,22,91,"2021-06-12 11:00:00"
2,5,37,92,"2021-06-12 11:00:00"
2,1,10,93,"2021-06-12 11:00:00"
2,4,98,94,"2021-06-12 11:00:00"
2,8,78,95,"2021-06-12 11:00:00"
2,1,10,96,"2021-06-12 11:00:00"
2,1,66,97,"2021-06-12 11:00:00"
2,2,67,98,"2021-06-12 11:00:00"
2,8,61,99,"2021-06-12 11:00:00"
2,5,83,100,"2021-06-12 11:00:00"
2,4,80,101,"2021-06-12 11:00:00"
1,11,99,102,"2021-06-12 12:00:00"
1,12,79,103,"2021-06-12 12:00:00"
1,10,95,104,"2021-06-12 12:00:00"
1,9,27,105,"2021-06-12 12:00:00"
1,11,72,106,"2021-06-12 12:00:00"
1,14,94,107,"2021-06-12 12:00:00"
1,12,79,108,"2021-06-12 12:00:00"
1,10,62,109,"2021-06-12 12:00:00"
1,12,79,110,"2021-06-12 12:00:00"
1,9,69,111,"2021-06-12 12:00:00"
1,9,89,112,"2021-06-12 12:00:00"
1,14,4,113,"2021-06-12 12:00:00"
1,13,48,114,"2021-06-12 12:00:00"
1,10,41,115,"2021-06-12 12:00:00"
1,9,69,116,"2021-06-12 12:00:00"
1,12,79,117,"2021-06-12 12:00:00"
1,12,42,118,"2021-06-12 12:00:00"
1,14,32,119,"2021-06-12 12:00:00"
1,13,48,120,"2021-06-12 12:00:00"
1,13,48,121,"2021-06-12 12:00:00"
2,2,92,122,"2021-06-12 12:00:00"
2,5,37,123,"2021-06-12 12:00:00"
2,6,77,124,"2021-06-12 12:00:00"
2,6,96,125,"2021-06-12 12:00:00"
2,8,61,126,"2021-06-12 12:00:00"
2,2,45,127,"2021-06-12 12:00:00"
2,3,17,128,"2021-06-12 12:00:00"
2,8,84,129,"2021-06-12 12:00:00"
1,13,48,130,"2021-06-12 13:00:00"
1,11,71,131,"2021-06-12 13:00:00"
1,14,94,132,"2021-06-12 13:00:00"
1,12,79,133,"2021-06-12 13:00:00"
1,14,32,134,"2021-06-12 13:00:00"
1,10,43,135,"2021-06-12 13:00:00"
1,14,4,136,"2021-06-12 13:00:00"
1,13,48,137,"2021-06-12 13:00:00"
1,11,71,138,"2021-06-12 13:00:00"
1,10,41,139,"2021-06-12 13:00:00"
1,14,94,140,"2021-06-12 13:00:00"
2,3,2,141,"2021-06-12 13:00:00"
2,2,18,142,"2021-06-12 13:00:00"
2,1,50,143,"2021-06-12 13:00:00"
2,4,81,144,"2021-06-12 13:00:00"
2,6,22,145,"2021-06-12 13:00:00"
2,7,65,146,"2021-06-12 13:00:00"
2,1,63,147,"2021-06-12 13:00:00"
2,8,56,148,"2021-06-12 13:00:00"
2,5,83,149,"2021-06-12 13:00:00"
2,7,65,150,"2021-06-12 13:00:00"
2,6,6,151,"2021-06-12 13:00:00"
2,2,19,152,"2021-06-12 13:00:00"
2,6,22,153,"2021-06-12 13:00:00"
1,12,14,154,"2021-06-12 14:00:00"
1,12,42,155,"2021-06-12 14:00:00"
1,10,62,156,"2021-06-12 14:00:00"
1,11,72,157,"2021-06-12 14:00:00"
1,12,79,158,"2021-06-12 14:00:00"
1,13,48,159,"2021-06-12 14:00:00"
1,13,48,160,"2021-06-12 14:00:00"
1,13,48,161,"2021-06-12 14:00:00"
1,11,99,162,"2021-06-12 14:00:00"
1,10,38,163,"2021-06-12 14:00:00"
1,13,48,164,"2021-06-12 14:00:00"
1,14,94,165,"2021-06-12 14:00:00"
1,13,48,166,"2021-06-12 14:00:00"
1,14,94,167,"2021-06-12 14:00:00"
1,11,72,168,"2021-06-12 14:00:00"
1,13,48,169,"2021-06-12 14:00:00"
1,9,55,170,"2021-06-12 14:00:00"
1,14,94,171,"2021-06-12 14:00:00"
1,12,14,172,"2021-06-12 14:00:00"
1,10,62,173,"2021-06-12 14:00:00"
1,13,48,174,"2021-06-12 14:00:00"
1,13,48,175,"2021-06-12 14:00:00"
1,11,71,176,"2021-06-12 14:00:00"
1,12,79,177,"2021-06-12 14:00:00"
1,9,55,178,"2021-06-12 14:00:00"
1,14,57,179,"2021-06-12 14:00:00"
1,12,73,180,"2021-06-12 14:00:00"
1,13,48,181,"2021-06-12 14:00:00"
1,9,69,182,"2021-06-12 14:00:00"
2,8,23,183,"2021-06-12 14:00:00"
2,3,36,184,"2021-06-12 14:00:00"
2,8,75,185,"2021-06-12 14:00:00"
2,6,16,186,"2021-06-12 14:00:00"
2,3,3,187,"2021-06-12 14:00:00"
2,3,13,188,"2021-06-12 14:00:00"
2,3,3,189,"2021-06-12 14:00:00"
2,6,26,190,"2021-06-12 14:00:00"
2,3,36,191,"2021-06-12 14:00:00"
2,1,30,192,"2021-06-12 14:00:00"
2,8,56,193,"2021-06-12 14:00:00"
2,7,54,194,"2021-06-12 14:00:00"
2,3,88,195,"2021-06-12 14:00:00"
2,8,56,196,"2021-06-12 14:00:00"
2,3,13,197,"2021-06-12 14:00:00"
2,7,70,198,"2021-06-12 14:00:00"
2,6,16,199,"2021-06-12 14:00:00"
2,8,1,200,"2021-06-12 14:00:00"
2,4,33,201,"2021-06-12 14:00:00"
2,1,86,202,"2021-06-12 14:00:00"
2,7,40,203,"2021-06-12 14:00:00"
2,4,81,204,"2021-06-12 14:00:00"
2,7,12,205,"2021-06-12 14:00:00"
2,6,87,206,"2021-06-12 14:00:00"
1,14,4,207,"2021-06-12 15:00:00"
1,10,41,208,"2021-06-12 15:00:00"
1,9,89,209,"2021-06-12 15:00:00"
1,13,48,210,"2021-06-12 15:00:00"
1,13,48,211,"2021-06-12 15:00:00"
1,12,42,212,"2021-06-12 15:00:00"
1,11,5,213,"2021-06-12 15:00:00"
2,2,67,214,"2021-06-12 15:00:00"
2,7,40,215,"2021-06-12 15:00:00"
2,2,19,216,"2021-06-12 15:00:00"
2,7,12,217,"2021-06-12 15:00:00"
2,2,35,218,"2021-06-12 15:00:00"
2,5,83,219,"2021-06-12 15:00:00"
2,2,92,220,"2021-06-12 15:00:00"
2,3,17,221,"2021-06-12 15:00:00"
2,8,75,222,"2021-06-12 15:00:00"
2,3,47,223,"2021-06-12 15:00:00"
2,4,49,224,"2021-06-12 15:00:00"
2,3,36,225,"2021-06-12 15:00:00"
2,5,83,226,"2021-06-12 15:00:00"
2,8,23,227,"2021-06-12 15:00:00"
1,13,48,228,"2021-06-12 16:00:00"
1,11,71,229,"2021-06-12 16:00:00"
1,12,79,230,"2021-06-12 16:00:00"
1,14,32,231,"2021-06-12 16:00:00"
1,10,43,232,"2021-06-12 16:00:00"
1,11,99,233,"2021-06-12 16:00:00"
1,12,14,234,"2021-06-12 16:00:00"
1,14,57,235,"2021-06-12 16:00:00"
1,11,99,236,"2021-06-12 16:00:00"
1,10,93,237,"2021-06-12 16:00:00"
1,9,27,238,"2021-06-12 16:00:00"
1,14,4,239,"2021-06-12 16:00:00"
1,13,48,240,"2021-06-12 16:00:00"
1,10,95,241,"2021-06-12 16:00:00"
1,11,5,242,"2021-06-12 16:00:00"
1,12,79,243,"2021-06-12 16:00:00"
1,11,71,244,"2021-06-12 16:00:00"
1,9,69,245,"2021-06-12 16:00:00"
1,11,71,246,"2021-06-12 16:00:00"
1,9,89,247,"2021-06-12 16:00:00"
1,12,79,248,"2021-06-12 16:00:00"
1,11,5,249,"2021-06-12 16:00:00"
1,10,95,250,"2021-06-12 16:00:00"
2,3,3,251,"2021-06-12 16:00:00"
2,6,87,252,"2021-06-12 16:00:00"
2,6,58,253,"2021-06-12 16:00:00"
2,2,35,254,"2021-06-12 16:00:00"
2,1,30,255,"2021-06-12 16:00:00"
2,2,45,256,"2021-06-12 16:00:00"
2,3,2,257,"2021-06-12 16:00:00"
2,6,96,258,"2021-06-12 16:00:00"
2,2,67,259,"2021-06-12 16:00:00"
2,5,83,260,"2021-06-12 16:00:00"
2,8,61,261,"2021-06-12 16:00:00"
2,3,3,262,"2021-06-12 16:00:00"
2,6,6,263,"2021-06-12 16:00:00"
2,5,15,264,"2021-06-12 16:00:00"
2,1,66,265,"2021-06-12 16:00:00"
2,3,36,266,"2021-06-12 16:00:00"
2,8,23,267,"2021-06-12 16:00:00"
2,3,2,268,"2021-06-12 16:00:00"
2,7,91,269,"2021-06-12 16:00:00"
2,5,83,270,"2021-06-12 16:00:00"
2,7,68,271,"2021-06-12 16:00:00"
1,12,52,272,"2021-06-12 17:00:00"
1,13,48,273,"2021-06-12 17:00:00"
1,13,48,274,"2021-06-12 17:00:00"
1,10,43,275,"2021-06-12 17:00:00"
1,9,55,276,"2021-06-12 17:00:00"
1,11,71,277,"2021-06-12 17:00:00"
1,10,93,278,"2021-06-12 17:00:00"
1,9,89,279,"2021-06-12 17:00:00"
1,13,48,280,"2021-06-12 17:00:00"
1,12,34,281,"2021-06-12 17:00:00"
1,14,4,282,"2021-06-12 17:00:00"
1,14,94,283,"2021-06-12 17:00:00"
1,14,94,284,"2021-06-12 17:00:00"
1,9,55,285,"2021-06-12 17:00:00"
1,9,89,286,"2021-06-12 17:00:00"
1,9,89,287,"2021-06-12 17:00:00"
1,14,4,288,"2021-06-12 17:00:00"
1,11,99,289,"2021-06-12 17:00:00"
1,14,57,290,"2021-06-12 17:00:00"
1,9,27,291,"2021-06-12 17:00:00"
1,11,5,292,"2021-06-12 17:00:00"
2,1,51,293,"2021-06-12 17:00:00"
2,3,36,294,"2021-06-12 17:00:00"
2,4,44,295,"2021-06-12 17:00:00"
2,6,96,296,"2021-06-12 17:00:00"
2,2,59,297,"2021-06-12 17:00:00"
2,5,83,298,"2021-06-12 17:00:00"
2,3,2,299,"2021-06-12 17:00:00"
2,4,49,300,"2021-06-12 17:00:00"
2,5,37,301,"2021-06-12 17:00:00"
2,6,96,302,"2021-06-12 17:00:00"
2,5,15,303,"2021-06-12 17:00:00"
2,1,63,304,"2021-06-12 17:00:00"
2,1,64,305,"2021-06-12 17:00:00"
2,4,85,306,"2021-06-12 17:00:00"
2,5,21,307,"2021-06-12 17:00:00"
2,7,20,308,"2021-06-12 17:00:00"
1,13,48,309,"2021-06-12 18:00:00"
1,12,52,310,"2021-06-12 18:00:00"
1,13,48,311,"2021-06-12 18:00:00"
1,11,5,312,"2021-06-12 18:00:00"
1,14,57,313,"2021-06-12 18:00:00"
1,9,27,314,"2021-06-12 18:00:00"
1,13,48,315,"2021-06-12 18:00:00"
1,9,27,316,"2021-06-12 18:00:00"
1,9,69,317,"2021-06-12 18:00:00"
1,13,48,318,"2021-06-12 18:00:00"
1,9,69,319,"2021-06-12 18:00:00"
1,14,57,320,"2021-06-12 18:00:00"
1,9,27,321,"2021-06-12 18:00:00"
1,12,52,322,"2021-06-12 18:00:00"
2,4,80,323,"2021-06-12 18:00:00"
2,3,47,324,"2021-06-12 18:00:00"
2,6,16,325,"2021-06-12 18:00:00"
2,7,25,326,"2021-06-12 18:00:00"
2,5,15,327,"2021-06-12 18:00:00"
2,1,64,328,"2021-06-12 18:00:00"
2,1,64,329,"2021-06-12 18:00:00"
2,2,28,330,"2021-06-12 18:00:00"
2,8,23,331,"2021-06-12 18:00:00"
2,5,37,332,"2021-06-12 18:00:00"
2,2,18,333,"2021-06-12 18:00:00"
2,2,35,334,"2021-06-12 18:00:00"
2,4,49,335,"2021-06-12 18:00:00"
2,2,92,336,"2021-06-12 18:00:00"
2,7,76,337,"2021-06-12 18:00:00"
2,6,87,338,"2021-06-12 18:00:00"
2,8,23,339,"2021-06-12 18:00:00"
1,10,95,340,"2021-06-12 19:00:00"
1,13,48,341,"2021-06-12 19:00:00"
1,14,4,342,"2021-06-12 19:00:00"
1,11,71,343,"2021-06-12 19:00:00"
1,9,27,344,"2021-06-12 19:00:00"
1,10,95,345,"2021-06-12 19:00:00"
1,12,79,346,"2021-06-12 19:00:00"
1,14,4,347,"2021-06-12 19:00:00"
1,14,94,348,"2021-06-12 19:00:00"
1,10,95,349,"2021-06-12 19:00:00"
1,9,27,350,"2021-06-12 19:00:00"
2,1,31,351,"2021-06-12 19:00:00"
2,7,76,352,"2021-06-12 19:00:00"
2,8,1,353,"2021-06-12 19:00:00"
2,1,30,354,"2021-06-12 19:00:00"
2,7,74,355,"2021-06-12 19:00:00"
2,8,56,356,"2021-06-12 19:00:00"
2,1,29,357,"2021-06-12 19:00:00"
2,6,16,358,"2021-06-12 19:00:00"
2,4,85,359,"2021-06-12 19:00:00"
2,2,19,360,"2021-06-12 19:00:00"
2,7,12,361,"2021-06-12 19:00:00"
2,7,40,362,"2021-06-12 19:00:00"
2,7,46,363,"2021-06-12 19:00:00"
2,7,91,364,"2021-06-12 19:00:00"
2,4,11,365,"2021-06-12 19:00:00"
2,7,70,366,"2021-06-12 19:00:00"
2,3,47,367,"2021-06-12 19:00:00"
2,2,45,368,"2021-06-12 19:00:00"
2,3,47,369,"2021-06-12 19:00:00"
2,1,31,370,"2021-06-12 19:00:00"
2,2,18,371,"2021-06-12 19:00:00"
2,2,92,372,"2021-06-12 19:00:00"
2,6,16,373,"2021-06-12 19:00:00"
2,4,81,374,"2021-06-12 19:00:00"
2,1,51,375,"2021-06-12 19:00:00"
2,3,47,376,"2021-06-12 19:00:00"
2,2,92,377,"2021-06-12 19:00:00"
2,7,46,378,"2021-06-12 19:00:00"
2,4,33,379,"2021-06-12 19:00:00"
2,7,9,380,"2021-06-12 19:00:00"
2,6,22,381,"2021-06-12 19:00:00"
2,4,49,382,"2021-06-12 19:00:00"
2,7,39,383,"2021-06-12 19:00:00"
2,8,84,384,"2021-06-12 19:00:00"
2,6,6,385,"2021-06-12 19:00:00"
1,14,4,386,"2021-06-13 09:00:00"
1,14,94,387,"2021-06-13 09:00:00"
1,13,48,388,"2021-06-13 09:00:00"
1,11,72,389,"2021-06-13 09:00:00"
1,13,48,390,"2021-06-13 09:00:00"
1,14,32,391,"2021-06-13 09:00:00"
1,13,48,392,"2021-06-13 09:00:00"
1,11,71,393,"2021-06-13 09:00:00"
1,10,43,394,"2021-06-13 09:00:00"
1,10,95,395,"2021-06-13 09:00:00"
1,13,48,396,"2021-06-13 09:00:00"
1,10,38,397,"2021-06-13 09:00:00"
1,11,72,398,"2021-06-13 09:00:00"
1,10,41,399,"2021-06-13 09:00:00"
1,9,27,400,"2021-06-13 09:00:00"
1,12,79,401,"2021-06-13 09:00:00"
1,9,55,402,"2021-06-13 09:00:00"
1,9,55,403,"2021-06-13 09:00:00"
2,7,54,404,"2021-06-13 09:00:00"
2,8,23,405,"2021-06-13 09:00:00"
2,4,7,406,"2021-06-13 09:00:00"
2,6,96,407,"2021-06-13 09:00:00"
2,3,17,408,"2021-06-13 09:00:00"
2,1,86,409,"2021-06-13 09:00:00"
2,6,77,410,"2021-06-13 09:00:00"
2,5,37,411,"2021-06-13 09:00:00"
2,3,17,412,"2021-06-13 09:00:00"
2,6,82,413,"2021-06-13 09:00:00"
2,4,85,414,"2021-06-13 09:00:00"
2,3,3,415,"2021-06-13 09:00:00"
2,8,24,416,"2021-06-13 09:00:00"
2,8,1,417,"2021-06-13 09:00:00"
2,4,33,418,"2021-06-13 09:00:00"
2,2,19,419,"2021-06-13 09:00:00"
2,4,81,420,"2021-06-13 09:00:00"
2,7,74,421,"2021-06-13 09:00:00"
1,10,62,422,"2021-06-13 10:00:00"
1,9,89,423,"2021-06-13 10:00:00"
1,12,73,424,"2021-06-13 10:00:00"
1,10,62,425,"2021-06-13 10:00:00"
1,13,48,426,"2021-06-13 10:00:00"
1,13,48,427,"2021-06-13 10:00:00"
1,12,42,428,"2021-06-13 10:00:00"
1,9,69,429,"2021-06-13 10:00:00"
2,4,81,430,"2021-06-13 10:00:00"
2,6,96,431,"2021-06-13 10:00:00"
2,8,24,432,"2021-06-13 10:00:00"
2,5,21,433,"2021-06-13 10:00:00"
2,6,87,434,"2021-06-13 10:00:00"
2,3,36,435,"2021-06-13 10:00:00"
2,4,81,436,"2021-06-13 10:00:00"
2,7,9,437,"2021-06-13 10:00:00"
2,3,47,438,"2021-06-13 10:00:00"
2,7,20,439,"2021-06-13 10:00:00"
2,8,8,440,"2021-06-13 10:00:00"
2,5,15,441,"2021-06-13 10:00:00"
2,6,26,442,"2021-06-13 10:00:00"
2,8,75,443,"2021-06-13 10:00:00"
2,5,37,444,"2021-06-13 10:00:00"
1,10,62,445,"2021-06-13 11:00:00"
1,9,55,446,"2021-06-13 11:00:00"
1,12,42,447,"2021-06-13 11:00:00"
1,13,48,448,"2021-06-13 11:00:00"
1,14,4,449,"2021-06-13 11:00:00"
1,12,73,450,"2021-06-13 11:00:00"
1,14,4,451,"2021-06-13 11:00:00"
1,14,94,452,"2021-06-13 11:00:00"
1,14,57,453,"2021-06-13 11:00:00"
1,12,34,454,"2021-06-13 11:00:00"
1,10,62,455,"2021-06-13 11:00:00"
1,14,94,456,"2021-06-13 11:00:00"
1,11,72,457,"2021-06-13 11:00:00"
2,3,47,458,"2021-06-13 11:00:00"
2,5,37,459,"2021-06-13 11:00:00"
2,4,44,460,"2021-06-13 11:00:00"
2,4,49,461,"2021-06-13 11:00:00"
2,3,13,462,"2021-06-13 11:00:00"
2,3,36,463,"2021-06-13 11:00:00"
2,8,24,464,"2021-06-13 11:00:00"
2,3,2,465,"2021-06-13 11:00:00"
2,1,66,466,"2021-06-13 11:00:00"
2,5,21,467,"2021-06-13 11:00:00"
2,3,13,468,"2021-06-13 11:00:00"
2,4,49,469,"2021-06-13 11:00:00"
2,3,88,470,"2021-06-13 11:00:00"
2,5,83,471,"2021-06-13 11:00:00"
2,4,85,472,"2021-06-13 11:00:00"
2,2,28,473,"2021-06-13 11:00:00"
2,8,100,474,"2021-06-13 11:00:00"
2,8,78,475,"2021-06-13 11:00:00"
2,3,17,476,"2021-06-13 11:00:00"
2,7,70,477,"2021-06-13 11:00:00"
2,2,28,478,"2021-06-13 11:00:00"
2,5,37,479,"2021-06-13 11:00:00"
2,6,58,480,"2021-06-13 11:00:00"
2,6,58,481,"2021-06-13 11:00:00"
2,6,6,482,"2021-06-13 11:00:00"
2,7,76,483,"2021-06-13 11:00:00"
2,6,77,484,"2021-06-13 11:00:00"
2,3,17,485,"2021-06-13 11:00:00"
2,3,13,486,"2021-06-13 11:00:00"
2,8,8,487,"2021-06-13 11:00:00"
2,4,85,488,"2021-06-13 11:00:00"
1,11,71,489,"2021-06-13 12:00:00"
1,12,73,490,"2021-06-13 12:00:00"
1,14,57,491,"2021-06-13 12:00:00"
1,10,38,492,"2021-06-13 12:00:00"
1,11,72,493,"2021-06-13 12:00:00"
1,12,34,494,"2021-06-13 12:00:00"
1,10,43,495,"2021-06-13 12:00:00"
1,10,93,496,"2021-06-13 12:00:00"
1,12,42,497,"2021-06-13 12:00:00"
1,10,41,498,"2021-06-13 12:00:00"
1,13,48,499,"2021-06-13 12:00:00"
1,10,43,500,"2021-06-13 12:00:00"
1,11,72,501,"2021-06-13 12:00:00"
1,9,69,502,"2021-06-13 12:00:00"
1,11,71,503,"2021-06-13 12:00:00"
1,9,55,504,"2021-06-13 12:00:00"
1,10,95,505,"2021-06-13 12:00:00"
1,14,94,506,"2021-06-13 12:00:00"
1,14,57,507,"2021-06-13 12:00:00"
1,12,79,508,"2021-06-13 12:00:00"
1,13,48,509,"2021-06-13 12:00:00"
1,11,5,510,"2021-06-13 12:00:00"
1,12,34,511,"2021-06-13 12:00:00"
1,9,55,512,"2021-06-13 12:00:00"
1,10,38,513,"2021-06-13 12:00:00"
1,12,52,514,"2021-06-13 12:00:00"
2,7,46,515,"2021-06-13 12:00:00"
2,4,81,516,"2021-06-13 12:00:00"
2,7,20,517,"2021-06-13 12:00:00"
2,4,7,518,"2021-06-13 12:00:00"
2,5,83,519,"2021-06-13 12:00:00"
2,3,47,520,"2021-06-13 12:00:00"
2,3,3,521,"2021-06-13 12:00:00"
2,5,37,522,"2021-06-13 12:00:00"
2,2,19,523,"2021-06-13 12:00:00"
2,2,28,524,"2021-06-13 12:00:00"
2,4,11,525,"2021-06-13 12:00:00"
2,3,88,526,"2021-06-13 12:00:00"
1,10,95,527,"2021-06-13 13:00:00"
1,10,62,528,"2021-06-13 13:00:00"
1,12,79,529,"2021-06-13 13:00:00"
1,12,79,530,"2021-06-13 13:00:00"
1,9,89,531,"2021-06-13 13:00:00"
1,13,48,532,"2021-06-13 13:00:00"
1,12,42,533,"2021-06-13 13:00:00"
1,13,48,534,"2021-06-13 13:00:00"
1,10,95,535,"2021-06-13 13:00:00"
1,12,34,536,"2021-06-13 13:00:00"
1,13,48,537,"2021-06-13 13:00:00"
1,14,94,538,"2021-06-13 13:00:00"
1,9,27,539,"2021-06-13 13:00:00"
1,11,5,540,"2021-06-13 13:00:00"
1,12,52,541,"2021-06-13 13:00:00"
1,10,38,542,"2021-06-13 13:00:00"
1,14,57,543,"2021-06-13 13:00:00"
1,10,62,544,"2021-06-13 13:00:00"
1,9,89,545,"2021-06-13 13:00:00"
1,14,94,546,"2021-06-13 13:00:00"
1,10,95,547,"2021-06-13 13:00:00"
1,14,4,548,"2021-06-13 13:00:00"
2,3,3,549,"2021-06-13 13:00:00"
2,7,9,550,"2021-06-13 13:00:00"
2,8,78,551,"2021-06-13 13:00:00"
2,8,61,552,"2021-06-13 13:00:00"
2,2,59,553,"2021-06-13 13:00:00"
2,8,1,554,"2021-06-13 13:00:00"
2,7,25,555,"2021-06-13 13:00:00"
2,7,20,556,"2021-06-13 13:00:00"
2,5,37,557,"2021-06-13 13:00:00"
2,7,40,558,"2021-06-13 13:00:00"
2,4,85,559,"2021-06-13 13:00:00"
2,5,21,560,"2021-06-13 13:00:00"
2,5,15,561,"2021-06-13 13:00:00"
2,8,100,562,"2021-06-13 13:00:00"
2,1,31,563,"2021-06-13 13:00:00"
2,6,6,564,"2021-06-13 13:00:00"
2,6,58,565,"2021-06-13 13:00:00"
2,2,18,566,"2021-06-13 13:00:00"
2,7,68,567,"2021-06-13 13:00:00"
2,2,19,568,"2021-06-13 13:00:00"
2,8,56,569,"2021-06-13 13:00:00"
2,2,53,570,"2021-06-13 13:00:00"
1,13,48,571,"2021-06-13 14:00:00"
1,14,32,572,"2021-06-13 14:00:00"
1,10,62,573,"2021-06-13 14:00:00"
1,10,95,574,"2021-06-13 14:00:00"
1,14,32,575,"2021-06-13 14:00:00"
1,11,72,576,"2021-06-13 14:00:00"
2,3,17,577,"2021-06-13 14:00:00"
2,2,28,578,"2021-06-13 14:00:00"
2,1,30,579,"2021-06-13 14:00:00"
2,8,84,580,"2021-06-13 14:00:00"
2,6,58,581,"2021-06-13 14:00:00"
2,3,88,582,"2021-06-13 14:00:00"
2,8,100,583,"2021-06-13 14:00:00"
2,4,44,584,"2021-06-13 14:00:00"
2,1,90,585,"2021-06-13 14:00:00"
2,6,16,586,"2021-06-13 14:00:00"
2,3,88,587,"2021-06-13 14:00:00"
2,4,49,588,"2021-06-13 14:00:00"
2,2,53,589,"2021-06-13 14:00:00"
2,1,66,590,"2021-06-13 14:00:00"
2,5,21,591,"2021-06-13 14:00:00"
2,2,92,592,"2021-06-13 14:00:00"
2,4,7,593,"2021-06-13 14:00:00"
2,5,15,594,"2021-06-13 14:00:00"
2,2,92,595,"2021-06-13 14:00:00"
2,4,60,596,"2021-06-13 14:00:00"
2,1,90,597,"2021-06-13 14:00:00"
1,14,57,598,"2021-06-13 15:00:00"
1,9,89,599,"2021-06-13 15:00:00"
1,9,89,600,"2021-06-13 15:00:00"
1,14,57,601,"2021-06-13 15:00:00"
1,10,93,602,"2021-06-13 15:00:00"
1,10,43,603,"2021-06-13 15:00:00"
1,12,14,604,"2021-06-13 15:00:00"
2,8,100,605,"2021-06-13 15:00:00"
2,1,51,606,"2021-06-13 15:00:00"
2,1,30,607,"2021-06-13 15:00:00"
2,2,45,608,"2021-06-13 15:00:00"
2,1,51,609,"2021-06-13 15:00:00"
2,1,63,610,"2021-06-13 15:00:00"
2,8,8,611,"2021-06-13 15:00:00"
2,5,83,612,"2021-06-13 15:00:00"
2,6,6,613,"2021-06-13 15:00:00"
2,1,10,614,"2021-06-13 15:00:00"
2,3,13,615,"2021-06-13 15:00:00"
2,5,21,616,"2021-06-13 15:00:00"
2,7,46,617,"2021-06-13 15:00:00"
2,3,88,618,"2021-06-13 15:00:00"
2,3,17,619,"2021-06-13 15:00:00"
2,1,10,620,"2021-06-13 15:00:00"
2,7,20,621,"2021-06-13 15:00:00"
2,1,51,622,"2021-06-13 15:00:00"
2,7,46,623,"2021-06-13 15:00:00"
2,5,21,624,"2021-06-13 15:00:00"
2,7,9,625,"2021-06-13 15:00:00"
2,1,90,626,"2021-06-13 15:00:00"
2,1,66,627,"2021-06-13 15:00:00"
2,3,88,628,"2021-06-13 15:00:00"
2,7,70,629,"2021-06-13 15:00:00"
2,4,49,630,"2021-06-13 15:00:00"
2,3,2,631,"2021-06-13 15:00:00"
1,14,32,632,"2021-06-13 16:00:00"
1,12,34,633,"2021-06-13 16:00:00"
1,13,48,634,"2021-06-13 16:00:00"
1,10,38,635,"2021-06-13 16:00:00"
1,12,73,636,"2021-06-13 16:00:00"
1,9,89,637,"2021-06-13 16:00:00"
1,12,52,638,"2021-06-13 16:00:00"
1,13,48,639,"2021-06-13 16:00:00"
1,9,55,640,"2021-06-13 16:00:00"
1,11,5,641,"2021-06-13 16:00:00"
1,11,99,642,"2021-06-13 16:00:00"
1,14,94,643,"2021-06-13 16:00:00"
1,10,93,644,"2021-06-13 16:00:00"
1,13,48,645,"2021-06-13 16:00:00"
1,14,32,646,"2021-06-13 16:00:00"
1,14,57,647,"2021-06-13 16:00:00"
2,3,2,648,"2021-06-13 16:00:00"
2,7,91,649,"2021-06-13 16:00:00"
2,8,75,650,"2021-06-13 16:00:00"
2,3,2,651,"2021-06-13 16:00:00"
2,7,40,652,"2021-06-13 16:00:00"
2,4,85,653,"2021-06-13 16:00:00"
2,4,33,654,"2021-06-13 16:00:00"
2,7,39,655,"2021-06-13 16:00:00"
2,1,10,656,"2021-06-13 16:00:00"
2,5,15,657,"2021-06-13 16:00:00"
2,5,21,658,"2021-06-13 16:00:00"
2,3,36,659,"2021-06-13 16:00:00"
2,5,15,660,"2021-06-13 16:00:00"
2,1,64,661,"2021-06-13 16:00:00"
2,7,70,662,"2021-06-13 16:00:00"
2,3,47,663,"2021-06-13 16:00:00"
2,2,35,664,"2021-06-13 16:00:00"
2,5,37,665,"2021-06-13 16:00:00"
2,2,97,666,"2021-06-13 16:00:00"
2,2,28,667,"2021-06-13 16:00:00"
2,2,19,668,"2021-06-13 16:00:00"
2,6,77,669,"2021-06-13 16:00:00"
2,5,15,670,"2021-06-13 16:00:00"
2,7,12,671,"2021-06-13 16:00:00"
2,7,74,672,"2021-06-13 16:00:00"
1,13,48,673,"2021-06-13 17:00:00"
1,14,32,674,"2021-06-13 17:00:00"
1,11,72,675,"2021-06-13 17:00:00"
1,9,69,676,"2021-06-13 17:00:00"
1,12,34,677,"2021-06-13 17:00:00"
1,9,55,678,"2021-06-13 17:00:00"
1,9,27,679,"2021-06-13 17:00:00"
1,14,57,680,"2021-06-13 17:00:00"
1,9,27,681,"2021-06-13 17:00:00"
1,11,71,682,"2021-06-13 17:00:00"
1,10,41,683,"2021-06-13 17:00:00"
2,7,74,684,"2021-06-13 17:00:00"
2,5,83,685,"2021-06-13 17:00:00"
2,5,83,686,"2021-06-13 17:00:00"
2,3,13,687,"2021-06-13 17:00:00"
2,2,18,688,"2021-06-13 17:00:00"
2,3,2,689,"2021-06-13 17:00:00"
2,4,60,690,"2021-06-13 17:00:00"
2,8,23,691,"2021-06-13 17:00:00"
2,2,59,692,"2021-06-13 17:00:00"
2,1,50,693,"2021-06-13 17:00:00"
2,7,65,694,"2021-06-13 17:00:00"
2,4,80,695,"2021-06-13 17:00:00"
2,3,17,696,"2021-06-13 17:00:00"
2,4,81,697,"2021-06-13 17:00:00"
2,2,28,698,"2021-06-13 17:00:00"
2,6,82,699,"2021-06-13 17:00:00"
2,4,80,700,"2021-06-13 17:00:00"
2,7,76,701,"2021-06-13 17:00:00"
2,7,91,702,"2021-06-13 17:00:00"
2,2,67,703,"2021-06-13 17:00:00"
2,7,20,704,"2021-06-13 17:00:00"
2,7,70,705,"2021-06-13 17:00:00"
2,6,87,706,"2021-06-13 17:00:00"
2,6,22,707,"2021-06-13 17:00:00"
2,6,22,708,"2021-06-13 17:00:00"
2,7,76,709,"2021-06-13 17:00:00"
2,6,58,710,"2021-06-13 17:00:00"
2,7,12,711,"2021-06-13 17:00:00"
2,8,23,712,"2021-06-13 17:00:00"
2,5,83,713,"2021-06-13 17:00:00"
2,2,53,714,"2021-06-13 17:00:00"
2,7,39,715,"2021-06-13 17:00:00"
1,13,48,716,"2021-06-13 18:00:00"
1,10,62,717,"2021-06-13 18:00:00"
1,10,93,718,"2021-06-13 18:00:00"
1,13,48,719,"2021-06-13 18:00:00"
1,14,32,720,"2021-06-13 18:00:00"
1,11,99,721,"2021-06-13 18:00:00"
1,10,93,722,"2021-06-13 18:00:00"
1,12,34,723,"2021-06-13 18:00:00"
1,12,34,724,"2021-06-13 18:00:00"
1,10,93,725,"2021-06-13 18:00:00"
1,11,71,726,"2021-06-13 18:00:00"
1,10,38,727,"2021-06-13 18:00:00"
1,14,94,728,"2021-06-13 18:00:00"
1,13,48,729,"2021-06-13 18:00:00"
1,14,57,730,"2021-06-13 18:00:00"
1,13,48,731,"2021-06-13 18:00:00"
1,14,4,732,"2021-06-13 18:00:00"
1,14,57,733,"2021-06-13 18:00:00"
1,11,5,734,"2021-06-13 18:00:00"
1,9,55,735,"2021-06-13 18:00:00"
1,14,4,736,"2021-06-13 18:00:00"
1,10,41,737,"2021-06-13 18:00:00"
1,11,72,738,"2021-06-13 18:00:00"
1,9,69,739,"2021-06-13 18:00:00"
2,3,36,740,"2021-06-13 18:00:00"
2,6,16,741,"2021-06-13 18:00:00"
2,4,11,742,"2021-06-13 18:00:00"
2,1,90,743,"2021-06-13 18:00:00"
2,8,23,744,"2021-06-13 18:00:00"
2,3,47,745,"2021-06-13 18:00:00"
2,6,82,746,"2021-06-13 18:00:00"
2,8,1,747,"2021-06-13 18:00:00"
2,4,49,748,"2021-06-13 18:00:00"
2,7,25,749,"2021-06-13 18:00:00"
2,6,16,750,"2021-06-13 18:00:00"
2,7,39,751,"2021-06-13 18:00:00"
2,2,97,752,"2021-06-13 18:00:00"
2,6,77,753,"2021-06-13 18:00:00"
2,5,15,754,"2021-06-13 18:00:00"
2,2,97,755,"2021-06-13 18:00:00"
2,6,22,756,"2021-06-13 18:00:00"
2,1,90,757,"2021-06-13 18:00:00"
2,8,56,758,"2021-06-13 18:00:00"
2,2,59,759,"2021-06-13 18:00:00"
2,2,97,760,"2021-06-13 18:00:00"
2,8,75,761,"2021-06-13 18:00:00"
2,1,90,762,"2021-06-13 18:00:00"
2,3,2,763,"2021-06-13 18:00:00"
2,4,60,764,"2021-06-13 18:00:00"
2,4,7,765,"2021-06-13 18:00:00"
2,7,65,766,"2021-06-13 18:00:00"
2,1,10,767,"2021-06-13 18:00:00"
2,6,22,768,"2021-06-13 18:00:00"
2,8,24,769,"2021-06-13 18:00:00"
2,8,100,770,"2021-06-13 18:00:00"
2,1,31,771,"2021-06-13 18:00:00"
2,2,97,772,"2021-06-13 18:00:00"
2,4,60,773,"2021-06-13 18:00:00"
2,6,22,774,"2021-06-13 18:00:00"
2,7,9,775,"2021-06-13 18:00:00"
2,4,81,776,"2021-06-13 18:00:00"
2,3,17,777,"2021-06-13 18:00:00"
1,14,57,778,"2021-06-13 19:00:00"
1,13,48,779,"2021-06-13 19:00:00"
1,13,48,780,"2021-06-13 19:00:00"
1,12,42,781,"2021-06-13 19:00:00"
1,9,69,782,"2021-06-13 19:00:00"
1,11,99,783,"2021-06-13 19:00:00"
1,11,72,784,"2021-06-13 19:00:00"
1,13,48,785,"2021-06-13 19:00:00"
1,11,71,786,"2021-06-13 19:00:00"
1,13,48,787,"2021-06-13 19:00:00"
1,13,48,788,"2021-06-13 19:00:00"
1,12,52,789,"2021-06-13 19:00:00"
1,12,14,790,"2021-06-13 19:00:00"
2,3,3,791,"2021-06-13 19:00:00"
2,5,15,792,"2021-06-13 19:00:00"
2,5,37,793,"2021-06-13 19:00:00"
2,1,86,794,"2021-06-13 19:00:00"
2,5,15,795,"2021-06-13 19:00:00"
2,3,3,796,"2021-06-13 19:00:00"
2,7,39,797,"2021-06-13 19:00:00"
2,8,56,798,"2021-06-13 19:00:00"
2,1,30,799,"2021-06-13 19:00:00"
2,3,47,800,"2021-06-13 19:00:00"
2,3,13,801,"2021-06-13 19:00:00"
2,2,45,802,"2021-06-13 19:00:00"
2,2,53,803,"2021-06-13 19:00:00"
2,7,46,804,"2021-06-13 19:00:00"
2,6,6,805,"2021-06-13 19:00:00"
2,5,15,806,"2021-06-13 19:00:00"
2,6,6,807,"2021-06-13 19:00:00"
2,5,21,808,"2021-06-13 19:00:00"
2,1,31,809,"2021-06-13 19:00:00"
2,2,35,810,"2021-06-13 19:00:00"
2,1,86,811,"2021-06-13 19:00:00"
2,2,92,812,"2021-06-13 19:00:00"
2,4,60,813,"2021-06-13 19:00:00"
2,5,37,814,"2021-06-13 19:00:00"
2,3,47,815,"2021-06-13 19:00:00"
2,1,64,816,"2021-06-13 19:00:00"
1,10,38,817,"2021-06-14 09:00:00"
1,9,89,818,"2021-06-14 09:00:00"
1,14,94,819,"2021-06-14 09:00:00"
1,14,57,820,"2021-06-14 09:00:00"
1,11,5,821,"2021-06-14 09:00:00"
1,10,41,822,"2021-06-14 09:00:00"
1,9,27,823,"2021-06-14 09:00:00"
1,12,34,824,"2021-06-14 09:00:00"
1,12,52,825,"2021-06-14 09:00:00"
1,10,95,826,"2021-06-14 09:00:00"
1,12,14,827,"2021-06-14 09:00:00"
1,11,99,828,"2021-06-14 09:00:00"
2,3,3,829,"2021-06-14 09:00:00"
2,6,22,830,"2021-06-14 09:00:00"
2,3,36,831,"2021-06-14 09:00:00"
2,8,56,832,"2021-06-14 09:00:00"
2,8,8,833,"2021-06-14 09:00:00"
2,6,77,834,"2021-06-14 09:00:00"
2,4,85,835,"2021-06-14 09:00:00"
2,4,80,836,"2021-06-14 09:00:00"
2,3,3,837,"2021-06-14 09:00:00"
2,3,2,838,"2021-06-14 09:00:00"
2,8,1,839,"2021-06-14 09:00:00"
2,3,17,840,"2021-06-14 09:00:00"
2,6,82,841,"2021-06-14 09:00:00"
2,7,68,842,"2021-06-14 09:00:00"
2,5,15,843,"2021-06-14 09:00:00"
2,5,21,844,"2021-06-14 09:00:00"
2,8,1,845,"2021-06-14 09:00:00"
2,3,3,846,"2021-06-14 09:00:00"
1,10,38,847,"2021-06-14 10:00:00"
1,12,14,848,"2021-06-14 10:00:00"
1,14,32,849,"2021-06-14 10:00:00"
1,13,48,850,"2021-06-14 10:00:00"
1,11,5,851,"2021-06-14 10:00:00"
1,14,32,852,"2021-06-14 10:00:00"
1,10,43,853,"2021-06-14 10:00:00"
1,12,42,854,"2021-06-14 10:00:00"
1,12,52,855,"2021-06-14 10:00:00"
1,14,32,856,"2021-06-14 10:00:00"
1,10,38,857,"2021-06-14 10:00:00"
2,7,68,858,"2021-06-14 10:00:00"
2,8,75,859,"2021-06-14 10:00:00"
2,1,63,860,"2021-06-14 10:00:00"
2,6,22,861,"2021-06-14 10:00:00"
2,3,88,862,"2021-06-14 10:00:00"
2,6,6,863,"2021-06-14 10:00:00"
2,7,76,864,"2021-06-14 10:00:00"
2,6,58,865,"2021-06-14 10:00:00"
2,3,47,866,"2021-06-14 10:00:00"
2,1,31,867,"2021-06-14 10:00:00"
2,5,83,868,"2021-06-14 10:00:00"
2,3,17,869,"2021-06-14 10:00:00"
2,3,47,870,"2021-06-14 10:00:00"
2,2,97,871,"2021-06-14 10:00:00"
1,11,71,872,"2021-06-14 11:00:00"
1,11,71,873,"2021-06-14 11:00:00"
1,11,71,874,"2021-06-14 11:00:00"
1,9,69,875,"2021-06-14 11:00:00"
1,10,41,876,"2021-06-14 11:00:00"
1,11,71,877,"2021-06-14 11:00:00"
1,10,41,878,"2021-06-14 11:00:00"
1,13,48,879,"2021-06-14 11:00:00"
1,14,4,880,"2021-06-14 11:00:00"
1,11,71,881,"2021-06-14 11:00:00"
1,11,99,882,"2021-06-14 11:00:00"
1,9,55,883,"2021-06-14 11:00:00"
1,13,48,884,"2021-06-14 11:00:00"
1,14,4,885,"2021-06-14 11:00:00"
2,5,83,886,"2021-06-14 11:00:00"
2,4,7,887,"2021-06-14 11:00:00"
2,6,58,888,"2021-06-14 11:00:00"
2,5,83,889,"2021-06-14 11:00:00"
2,5,21,890,"2021-06-14 11:00:00"
2,8,78,891,"2021-06-14 11:00:00"
2,2,45,892,"2021-06-14 11:00:00"
2,8,23,893,"2021-06-14 11:00:00"
2,4,49,894,"2021-06-14 11:00:00"
1,11,99,895,"2021-06-14 12:00:00"
1,13,48,896,"2021-06-14 12:00:00"
1,14,4,897,"2021-06-14 12:00:00"
1,9,89,898,"2021-06-14 12:00:00"
1,10,93,899,"2021-06-14 12:00:00"
1,9,89,900,"2021-06-14 12:00:00"
1,9,27,901,"2021-06-14 12:00:00"
1,14,4,902,"2021-06-14 12:00:00"
1,11,71,903,"2021-06-14 12:00:00"
1,14,32,904,"2021-06-14 12:00:00"
1,14,94,905,"2021-06-14 12:00:00"
1,11,5,906,"2021-06-14 12:00:00"
1,12,42,907,"2021-06-14 12:00:00"
1,14,4,908,"2021-06-14 12:00:00"
1,13,48,909,"2021-06-14 12:00:00"
1,10,41,910,"2021-06-14 12:00:00"
1,11,72,911,"2021-06-14 12:00:00"
1,10,62,912,"2021-06-14 12:00:00"
1,11,71,913,"2021-06-14 12:00:00"
1,10,41,914,"2021-06-14 12:00:00"
1,12,34,915,"2021-06-14 12:00:00"
1,14,32,916,"2021-06-14 12:00:00"
1,12,34,917,"2021-06-14 12:00:00"
1,9,27,918,"2021-06-14 12:00:00"
1,14,57,919,"2021-06-14 12:00:00"
1,9,27,920,"2021-06-14 12:00:00"
2,7,40,921,"2021-06-14 12:00:00"
2,2,19,922,"2021-06-14 12:00:00"
2,6,82,923,"2021-06-14 12:00:00"
2,1,31,924,"2021-06-14 12:00:00"
2,4,49,925,"2021-06-14 12:00:00"
2,3,17,926,"2021-06-14 12:00:00"
2,5,21,927,"2021-06-14 12:00:00"
2,2,53,928,"2021-06-14 12:00:00"
2,5,83,929,"2021-06-14 12:00:00"
2,3,36,930,"2021-06-14 12:00:00"
2,5,21,931,"2021-06-14 12:00:00"
2,7,76,932,"2021-06-14 12:00:00"
2,5,37,933,"2021-06-14 12:00:00"
2,4,11,934,"2021-06-14 12:00:00"
2,6,87,935,"2021-06-14 12:00:00"
2,5,15,936,"2021-06-14 12:00:00"
2,3,3,937,"2021-06-14 12:00:00"
1,12,42,938,"2021-06-14 13:00:00"
1,12,52,939,"2021-06-14 13:00:00"
1,12,52,940,"2021-06-14 13:00:00"
1,10,62,941,"2021-06-14 13:00:00"
1,11,72,942,"2021-06-14 13:00:00"
1,13,48,943,"2021-06-14 13:00:00"
1,9,89,944,"2021-06-14 13:00:00"
1,12,52,945,"2021-06-14 13:00:00"
1,14,32,946,"2021-06-14 13:00:00"
1,10,93,947,"2021-06-14 13:00:00"
1,10,43,948,"2021-06-14 13:00:00"
1,11,99,949,"2021-06-14 13:00:00"
2,1,30,950,"2021-06-14 13:00:00"
2,5,37,951,"2021-06-14 13:00:00"
2,3,13,952,"2021-06-14 13:00:00"
2,8,75,953,"2021-06-14 13:00:00"
2,5,21,954,"2021-06-14 13:00:00"
2,6,22,955,"2021-06-14 13:00:00"
2,3,3,956,"2021-06-14 13:00:00"
2,3,36,957,"2021-06-14 13:00:00"
2,2,45,958,"2021-06-14 13:00:00"
2,3,36,959,"2021-06-14 13:00:00"
2,4,85,960,"2021-06-14 13:00:00"
2,8,23,961,"2021-06-14 13:00:00"
2,3,47,962,"2021-06-14 13:00:00"
2,6,22,963,"2021-06-14 13:00:00"
1,14,32,964,"2021-06-14 14:00:00"
1,13,48,965,"2021-06-14 14:00:00"
1,10,62,966,"2021-06-14 14:00:00"
1,14,94,967,"2021-06-14 14:00:00"
1,11,71,968,"2021-06-14 14:00:00"
1,14,32,969,"2021-06-14 14:00:00"
1,11,71,970,"2021-06-14 14:00:00"
1,11,99,971,"2021-06-14 14:00:00"
1,13,48,972,"2021-06-14 14:00:00"
1,11,72,973,"2021-06-14 14:00:00"
1,11,5,974,"2021-06-14 14:00:00"
1,11,72,975,"2021-06-14 14:00:00"
1,13,48,976,"2021-06-14 14:00:00"
1,11,5,977,"2021-06-14 14:00:00"
1,9,89,978,"2021-06-14 14:00:00"
1,13,48,979,"2021-06-14 14:00:00"
1,12,79,980,"2021-06-14 14:00:00"
1,10,62,981,"2021-06-14 14:00:00"
1,9,27,982,"2021-06-14 14:00:00"
2,8,78,983,"2021-06-14 14:00:00"
2,4,81,984,"2021-06-14 14:00:00"
2,5,37,985,"2021-06-14 14:00:00"
2,7,54,986,"2021-06-14 14:00:00"
2,4,49,987,"2021-06-14 14:00:00"
2,1,30,988,"2021-06-14 14:00:00"
2,4,80,989,"2021-06-14 14:00:00"
2,1,29,990,"2021-06-14 14:00:00"
2,8,84,991,"2021-06-14 14:00:00"
2,5,83,992,"2021-06-14 14:00:00"
2,8,1,993,"2021-06-14 14:00:00"
2,7,74,994,"2021-06-14 14:00:00"
2,7,68,995,"2021-06-14 14:00:00"
1,10,62,996,"2021-06-14 15:00:00"
1,9,27,997,"2021-06-14 15:00:00"
1,12,42,998,"2021-06-14 15:00:00"
1,12,79,999,"2021-06-14 15:00:00"
1,13,48,1000,"2021-06-14 15:00:00"
1,10,43,1001,"2021-06-14 15:00:00"
1,12,14,1002,"2021-06-14 15:00:00"
1,10,62,1003,"2021-06-14 15:00:00"
1,10,38,1004,"2021-06-14 15:00:00"
1,10,93,1005,"2021-06-14 15:00:00"
1,12,73,1006,"2021-06-14 15:00:00"
1,9,89,1007,"2021-06-14 15:00:00"
1,14,94,1008,"2021-06-14 15:00:00"
1,14,57,1009,"2021-06-14 15:00:00"
1,11,99,1010,"2021-06-14 15:00:00"
1,11,71,1011,"2021-06-14 15:00:00"
1,11,99,1012,"2021-06-14 15:00:00"
1,14,4,1013,"2021-06-14 15:00:00"
1,11,71,1014,"2021-06-14 15:00:00"
1,11,5,1015,"2021-06-14 15:00:00"
1,11,99,1016,"2021-06-14 15:00:00"
1,12,52,1017,"2021-06-14 15:00:00"
1,9,89,1018,"2021-06-14 15:00:00"
1,9,69,1019,"2021-06-14 15:00:00"
2,6,82,1020,"2021-06-14 15:00:00"
2,3,88,1021,"2021-06-14 15:00:00"
2,1,90,1022,"2021-06-14 15:00:00"
2,6,6,1023,"2021-06-14 15:00:00"
2,1,63,1024,"2021-06-14 15:00:00"
2,1,10,1025,"2021-06-14 15:00:00"
2,3,3,1026,"2021-06-14 15:00:00"
2,1,31,1027,"2021-06-14 15:00:00"
1,13,48,1028,"2021-06-14 16:00:00"
1,9,27,1029,"2021-06-14 16:00:00"
1,14,32,1030,"2021-06-14 16:00:00"
1,12,79,1031,"2021-06-14 16:00:00"
1,14,94,1032,"2021-06-14 16:00:00"
1,13,48,1033,"2021-06-14 16:00:00"
1,9,89,1034,"2021-06-14 16:00:00"
1,12,42,1035,"2021-06-14 16:00:00"
1,9,55,1036,"2021-06-14 16:00:00"
1,9,89,1037,"2021-06-14 16:00:00"
1,12,73,1038,"2021-06-14 16:00:00"
1,9,55,1039,"2021-06-14 16:00:00"
1,13,48,1040,"2021-06-14 16:00:00"
1,10,93,1041,"2021-06-14 16:00:00"
1,13,48,1042,"2021-06-14 16:00:00"
1,9,55,1043,"2021-06-14 16:00:00"
1,10,62,1044,"2021-06-14 16:00:00"
2,1,66,1045,"2021-06-14 16:00:00"
2,2,67,1046,"2021-06-14 16:00:00"
2,6,22,1047,"2021-06-14 16:00:00"
2,3,17,1048,"2021-06-14 16:00:00"
2,6,16,1049,"2021-06-14 16:00:00"
2,2,92,1050,"2021-06-14 16:00:00"
2,2,28,1051,"2021-06-14 16:00:00"
2,7,65,1052,"2021-06-14 16:00:00"
2,3,13,1053,"2021-06-14 16:00:00"
2,4,33,1054,"2021-06-14 16:00:00"
2,1,66,1055,"2021-06-14 16:00:00"
2,2,59,1056,"2021-06-14 16:00:00"
2,5,37,1057,"2021-06-14 16:00:00"
2,1,51,1058,"2021-06-14 16:00:00"
2,4,98,1059,"2021-06-14 16:00:00"
1,10,62,1060,"2021-06-14 17:00:00"
1,13,48,1061,"2021-06-14 17:00:00"
1,14,57,1062,"2021-06-14 17:00:00"
1,13,48,1063,"2021-06-14 17:00:00"
1,14,94,1064,"2021-06-14 17:00:00"
1,11,5,1065,"2021-06-14 17:00:00"
1,13,48,1066,"2021-06-14 17:00:00"
1,14,4,1067,"2021-06-14 17:00:00"
1,9,89,1068,"2021-06-14 17:00:00"
1,10,95,1069,"2021-06-14 17:00:00"
1,14,32,1070,"2021-06-14 17:00:00"
1,12,14,1071,"2021-06-14 17:00:00"
1,10,43,1072,"2021-06-14 17:00:00"
1,12,14,1073,"2021-06-14 17:00:00"
1,10,93,1074,"2021-06-14 17:00:00"
1,13,48,1075,"2021-06-14 17:00:00"
2,4,98,1076,"2021-06-14 17:00:00"
2,2,67,1077,"2021-06-14 17:00:00"
2,2,18,1078,"2021-06-14 17:00:00"
2,8,78,1079,"2021-06-14 17:00:00"
2,1,30,1080,"2021-06-14 17:00:00"
2,1,86,1081,"2021-06-14 17:00:00"
2,3,47,1082,"2021-06-14 17:00:00"
2,4,33,1083,"2021-06-14 17:00:00"
1,13,48,1084,"2021-06-14 18:00:00"
1,12,73,1085,"2021-06-14 18:00:00"
1,14,32,1086,"2021-06-14 18:00:00"
1,12,52,1087,"2021-06-14 18:00:00"
1,9,69,1088,"2021-06-14 18:00:00"
1,9,89,1089,"2021-06-14 18:00:00"
1,9,27,1090,"2021-06-14 18:00:00"
1,14,57,1091,"2021-06-14 18:00:00"
1,13,48,1092,"2021-06-14 18:00:00"
1,10,95,1093,"2021-06-14 18:00:00"
2,2,45,1094,"2021-06-14 18:00:00"
2,3,36,1095,"2021-06-14 18:00:00"
2,7,39,1096,"2021-06-14 18:00:00"
2,2,67,1097,"2021-06-14 18:00:00"
2,3,13,1098,"2021-06-14 18:00:00"
2,7,54,1099,"2021-06-14 18:00:00"
2,8,1,1100,"2021-06-14 18:00:00"
2,5,83,1101,"2021-06-14 18:00:00"
2,2,45,1102,"2021-06-14 18:00:00"
2,4,98,1103,"2021-06-14 18:00:00"
2,1,10,1104,"2021-06-14 18:00:00"
2,1,51,1105,"2021-06-14 18:00:00"
2,7,12,1106,"2021-06-14 18:00:00"
2,2,53,1107,"2021-06-14 18:00:00"
2,5,37,1108,"2021-06-14 18:00:00"
2,5,37,1109,"2021-06-14 18:00:00"
2,4,49,1110,"2021-06-14 18:00:00"
2,7,54,1111,"2021-06-14 18:00:00"
1,11,72,1112,"2021-06-14 19:00:00"
1,11,5,1113,"2021-06-14 19:00:00"
1,12,42,1114,"2021-06-14 19:00:00"
1,11,72,1115,"2021-06-14 19:00:00"
1,13,48,1116,"2021-06-14 19:00:00"
1,14,94,1117,"2021-06-14 19:00:00"
1,12,52,1118,"2021-06-14 19:00:00"
2,3,47,1119,"2021-06-14 19:00:00"
2,2,53,1120,"2021-06-14 19:00:00"
2,7,54,1121,"2021-06-14 19:00:00"
2,1,30,1122,"2021-06-14 19:00:00"
2,6,82,1123,"2021-06-14 19:00:00"
2,8,84,1124,"2021-06-14 19:00:00"
2,2,92,1125,"2021-06-14 19:00:00"
2,7,9,1126,"2021-06-14 19:00:00"
2,8,8,1127,"2021-06-14 19:00:00"
2,8,75,1128,"2021-06-14 19:00:00"
2,7,76,1129,"2021-06-14 19:00:00"
2,3,3,1130,"2021-06-14 19:00:00"
2,4,60,1131,"2021-06-14 19:00:00"
2,8,24,1132,"2021-06-14 19:00:00"
2,2,18,1133,"2021-06-14 19:00:00"
2,6,87,1134,"2021-06-14 19:00:00"
2,6,16,1135,"2021-06-14 19:00:00"
2,7,74,1136,"2021-06-14 19:00:00"
2,3,47,1137,"2021-06-14 19:00:00"
2,7,68,1138,"2021-06-14 19:00:00"
2,6,96,1139,"2021-06-14 19:00:00"
2,3,2,1140,"2021-06-14 19:00:00"
2,2,19,1141,"2021-06-14 19:00:00"
2,7,68,1142,"2021-06-14 19:00:00"
2,3,88,1143,"2021-06-14 19:00:00"
2,7,39,1144,"2021-06-14 19:00:00"
2,3,2,1145,"2021-06-14 19:00:00"
2,5,83,1146,"2021-06-14 19:00:00"
2,6,58,1147,"2021-06-14 19:00:00"
2,2,92,1148,"2021-06-14 19:00:00"
1,14,94,1150,"2021-06-15 09:00:00"
1,13,48,1151,"2021-06-15 09:00:00"
1,14,94,1152,"2021-06-15 09:00:00"
1,11,71,1153,"2021-06-15 09:00:00"
1,10,41,1154,"2021-06-15 09:00:00"
1,14,4,1155,"2021-06-15 09:00:00"
1,10,93,1156,"2021-06-15 09:00:00"
1,12,79,1157,"2021-06-15 09:00:00"
1,13,48,1158,"2021-06-15 09:00:00"
1,12,34,1159,"2021-06-15 09:00:00"
2,4,49,1160,"2021-06-15 09:00:00"
2,5,15,1161,"2021-06-15 09:00:00"
1,10,38,1162,"2021-06-15 10:00:00"
1,13,48,1163,"2021-06-15 10:00:00"
1,9,55,1164,"2021-06-15 10:00:00"
1,14,57,1165,"2021-06-15 10:00:00"
1,10,38,1166,"2021-06-15 10:00:00"
1,9,69,1167,"2021-06-15 10:00:00"
1,9,55,1168,"2021-06-15 10:00:00"
1,9,55,1169,"2021-06-15 10:00:00"
1,13,48,1170,"2021-06-15 10:00:00"
1,14,32,1171,"2021-06-15 10:00:00"
1,11,72,1172,"2021-06-15 10:00:00"
2,4,11,1173,"2021-06-15 10:00:00"
2,3,2,1174,"2021-06-15 10:00:00"
2,8,78,1175,"2021-06-15 10:00:00"
2,5,15,1176,"2021-06-15 10:00:00"
2,3,88,1177,"2021-06-15 10:00:00"
2,2,35,1178,"2021-06-15 10:00:00"
2,2,18,1179,"2021-06-15 10:00:00"
2,2,35,1180,"2021-06-15 10:00:00"
2,2,59,1181,"2021-06-15 10:00:00"
2,2,18,1182,"2021-06-15 10:00:00"
2,3,2,1183,"2021-06-15 10:00:00"
2,1,86,1184,"2021-06-15 10:00:00"
2,6,58,1185,"2021-06-15 10:00:00"
2,8,56,1186,"2021-06-15 10:00:00"
1,12,79,1187,"2021-06-15 11:00:00"
2,3,36,1188,"2021-06-15 11:00:00"
2,6,22,1189,"2021-06-15 11:00:00"
2,1,50,1190,"2021-06-15 11:00:00"
2,5,21,1191,"2021-06-15 11:00:00"
2,5,83,1192,"2021-06-15 11:00:00"
2,8,84,1193,"2021-06-15 11:00:00"
2,7,25,1194,"2021-06-15 11:00:00"
2,1,29,1195,"2021-06-15 11:00:00"
2,2,53,1196,"2021-06-15 11:00:00"
2,3,47,1197,"2021-06-15 11:00:00"
2,7,9,1198,"2021-06-15 11:00:00"
2,1,90,1199,"2021-06-15 11:00:00"
2,5,37,1200,"2021-06-15 11:00:00"
2,3,3,1201,"2021-06-15 11:00:00"
2,5,15,1202,"2021-06-15 11:00:00"
1,12,79,1203,"2021-06-15 12:00:00"
1,13,48,1204,"2021-06-15 12:00:00"
1,12,73,1205,"2021-06-15 12:00:00"
1,13,48,1206,"2021-06-15 12:00:00"
1,9,69,1207,"2021-06-15 12:00:00"
1,11,72,1208,"2021-06-15 12:00:00"
1,9,55,1209,"2021-06-15 12:00:00"
1,11,5,1210,"2021-06-15 12:00:00"
1,10,95,1211,"2021-06-15 12:00:00"
1,10,93,1212,"2021-06-15 12:00:00"
1,9,69,1213,"2021-06-15 12:00:00"
1,9,55,1214,"2021-06-15 12:00:00"
1,10,62,1215,"2021-06-15 12:00:00"
1,9,69,1216,"2021-06-15 12:00:00"
1,11,5,1217,"2021-06-15 12:00:00"
1,12,34,1218,"2021-06-15 12:00:00"
1,10,95,1219,"2021-06-15 12:00:00"
2,2,18,1220,"2021-06-15 12:00:00"
2,6,16,1221,"2021-06-15 12:00:00"
2,8,56,1222,"2021-06-15 12:00:00"
2,7,54,1223,"2021-06-15 12:00:00"
2,6,6,1224,"2021-06-15 12:00:00"
2,3,47,1225,"2021-06-15 12:00:00"
2,2,28,1226,"2021-06-15 12:00:00"
2,5,37,1227,"2021-06-15 12:00:00"
2,1,10,1228,"2021-06-15 12:00:00"
2,2,28,1229,"2021-06-15 12:00:00"
2,4,98,1230,"2021-06-15 12:00:00"
2,7,9,1231,"2021-06-15 12:00:00"
2,2,19,1232,"2021-06-15 12:00:00"
2,7,54,1233,"2021-06-15 12:00:00"
2,8,8,1234,"2021-06-15 12:00:00"
2,7,65,1235,"2021-06-15 12:00:00"
2,5,21,1236,"2021-06-15 12:00:00"
2,6,96,1237,"2021-06-15 12:00:00"
2,8,1,1238,"2021-06-15 12:00:00"
2,5,37,1239,"2021-06-15 12:00:00"
2,7,68,1240,"2021-06-15 12:00:00"
2,3,13,1241,"2021-06-15 12:00:00"
2,6,58,1242,"2021-06-15 12:00:00"
2,7,12,1243,"2021-06-15 12:00:00"
2,7,70,1244,"2021-06-15 12:00:00"
2,6,87,1245,"2021-06-15 12:00:00"
2,3,13,1246,"2021-06-15 12:00:00"
2,5,15,1247,"2021-06-15 12:00:00"
2,2,45,1248,"2021-06-15 12:00:00"
1,11,5,1249,"2021-06-15 13:00:00"
1,12,34,1250,"2021-06-15 13:00:00"
1,13,48,1251,"2021-06-15 13:00:00"
1,9,55,1252,"2021-06-15 13:00:00"
1,10,95,1253,"2021-06-15 13:00:00"
1,12,79,1254,"2021-06-15 13:00:00"
1,14,32,1255,"2021-06-15 13:00:00"
1,9,55,1256,"2021-06-15 13:00:00"
1,13,48,1257,"2021-06-15 13:00:00"
1,13,48,1258,"2021-06-15 13:00:00"
1,9,69,1259,"2021-06-15 13:00:00"
1,14,94,1260,"2021-06-15 13:00:00"
1,10,95,1261,"2021-06-15 13:00:00"
1,13,48,1262,"2021-06-15 13:00:00"
1,13,48,1263,"2021-06-15 13:00:00"
1,14,94,1264,"2021-06-15 13:00:00"
1,13,48,1265,"2021-06-15 13:00:00"
1,13,48,1266,"2021-06-15 13:00:00"
1,9,89,1267,"2021-06-15 13:00:00"
1,10,93,1268,"2021-06-15 13:00:00"
1,13,48,1269,"2021-06-15 13:00:00"
1,14,94,1270,"2021-06-15 13:00:00"
1,9,55,1271,"2021-06-15 13:00:00"
1,14,94,1272,"2021-06-15 13:00:00"
2,4,81,1273,"2021-06-15 13:00:00"
2,4,98,1274,"2021-06-15 13:00:00"
2,5,21,1275,"2021-06-15 13:00:00"
2,2,67,1276,"2021-06-15 13:00:00"
2,2,45,1277,"2021-06-15 13:00:00"
2,2,97,1278,"2021-06-15 13:00:00"
2,2,59,1279,"2021-06-15 13:00:00"
2,4,33,1280,"2021-06-15 13:00:00"
2,4,44,1281,"2021-06-15 13:00:00"
2,5,37,1282,"2021-06-15 13:00:00"
2,7,9,1283,"2021-06-15 13:00:00"
2,2,18,1284,"2021-06-15 13:00:00"
1,11,71,1285,"2021-06-15 14:00:00"
1,10,38,1286,"2021-06-15 14:00:00"
1,11,72,1287,"2021-06-15 14:00:00"
1,12,52,1288,"2021-06-15 14:00:00"
1,10,38,1289,"2021-06-15 14:00:00"
1,14,4,1290,"2021-06-15 14:00:00"
1,12,34,1291,"2021-06-15 14:00:00"
1,11,99,1292,"2021-06-15 14:00:00"
1,14,57,1293,"2021-06-15 14:00:00"
1,12,79,1294,"2021-06-15 14:00:00"
1,12,34,1295,"2021-06-15 14:00:00"
1,12,42,1296,"2021-06-15 14:00:00"
1,11,5,1297,"2021-06-15 14:00:00"
1,14,4,1298,"2021-06-15 14:00:00"
1,10,41,1299,"2021-06-15 14:00:00"
1,9,69,1300,"2021-06-15 14:00:00"
1,13,48,1301,"2021-06-15 14:00:00"
1,9,27,1302,"2021-06-15 14:00:00"
1,9,27,1303,"2021-06-15 14:00:00"
1,10,41,1304,"2021-06-15 14:00:00"
2,6,87,1305,"2021-06-15 14:00:00"
2,5,21,1306,"2021-06-15 14:00:00"
2,6,58,1307,"2021-06-15 14:00:00"
2,7,74,1308,"2021-06-15 14:00:00"
2,4,98,1309,"2021-06-15 14:00:00"
1,9,55,1310,"2021-06-15 15:00:00"
1,14,4,1311,"2021-06-15 15:00:00"
1,10,38,1312,"2021-06-15 15:00:00"
1,11,71,1313,"2021-06-15 15:00:00"
1,9,89,1314,"2021-06-15 15:00:00"
1,13,48,1315,"2021-06-15 15:00:00"
1,12,34,1316,"2021-06-15 15:00:00"
1,10,38,1317,"2021-06-15 15:00:00"
1,12,52,1318,"2021-06-15 15:00:00"
1,11,71,1319,"2021-06-15 15:00:00"
1,14,94,1320,"2021-06-15 15:00:00"
1,12,79,1321,"2021-06-15 15:00:00"
1,12,42,1322,"2021-06-15 15:00:00"
1,11,5,1323,"2021-06-15 15:00:00"
1,13,48,1324,"2021-06-15 15:00:00"
1,14,4,1325,"2021-06-15 15:00:00"
1,9,27,1326,"2021-06-15 15:00:00"
1,12,52,1327,"2021-06-15 15:00:00"
1,13,48,1328,"2021-06-15 15:00:00"
1,10,62,1329,"2021-06-15 15:00:00"
1,10,62,1330,"2021-06-15 15:00:00"
1,9,55,1331,"2021-06-15 15:00:00"
1,12,42,1332,"2021-06-15 15:00:00"
1,9,55,1333,"2021-06-15 15:00:00"
1,10,93,1334,"2021-06-15 15:00:00"
1,13,48,1335,"2021-06-15 15:00:00"
1,9,27,1336,"2021-06-15 15:00:00"
1,10,43,1337,"2021-06-15 15:00:00"
1,11,72,1338,"2021-06-15 15:00:00"
1,9,89,1339,"2021-06-15 15:00:00"
1,10,62,1340,"2021-06-15 15:00:00"
1,9,55,1341,"2021-06-15 15:00:00"
1,9,89,1342,"2021-06-15 15:00:00"
1,13,48,1343,"2021-06-15 15:00:00"
2,1,66,1344,"2021-06-15 15:00:00"
2,6,82,1345,"2021-06-15 15:00:00"
2,7,65,1346,"2021-06-15 15:00:00"
2,2,35,1347,"2021-06-15 15:00:00"
2,4,81,1348,"2021-06-15 15:00:00"
2,2,53,1349,"2021-06-15 15:00:00"
2,7,12,1350,"2021-06-15 15:00:00"
2,2,19,1351,"2021-06-15 15:00:00"
2,4,33,1352,"2021-06-15 15:00:00"
2,3,17,1353,"2021-06-15 15:00:00"
2,4,7,1354,"2021-06-15 15:00:00"
2,5,83,1355,"2021-06-15 15:00:00"
2,5,15,1356,"2021-06-15 15:00:00"
2,7,12,1357,"2021-06-15 15:00:00"
2,4,98,1358,"2021-06-15 15:00:00"
2,5,15,1359,"2021-06-15 15:00:00"
2,2,28,1360,"2021-06-15 15:00:00"
2,8,75,1361,"2021-06-15 15:00:00"
2,1,63,1362,"2021-06-15 15:00:00"
2,7,20,1363,"2021-06-15 15:00:00"
2,7,76,1364,"2021-06-15 15:00:00"
2,3,2,1365,"2021-06-15 15:00:00"
2,7,54,1366,"2021-06-15 15:00:00"
2,2,18,1367,"2021-06-15 15:00:00"
2,1,29,1368,"2021-06-15 15:00:00"
2,6,77,1369,"2021-06-15 15:00:00"
2,1,29,1370,"2021-06-15 15:00:00"
1,9,89,1371,"2021-06-15 16:00:00"
1,13,48,1372,"2021-06-15 16:00:00"
1,11,5,1373,"2021-06-15 16:00:00"
1,14,57,1374,"2021-06-15 16:00:00"
1,13,48,1375,"2021-06-15 16:00:00"
1,10,43,1376,"2021-06-15 16:00:00"
1,10,93,1377,"2021-06-15 16:00:00"
1,10,43,1378,"2021-06-15 16:00:00"
1,14,94,1379,"2021-06-15 16:00:00"
1,9,55,1380,"2021-06-15 16:00:00"
1,14,57,1381,"2021-06-15 16:00:00"
1,12,79,1382,"2021-06-15 16:00:00"
1,14,57,1383,"2021-06-15 16:00:00"
1,10,95,1384,"2021-06-15 16:00:00"
1,10,43,1385,"2021-06-15 16:00:00"
1,13,48,1386,"2021-06-15 16:00:00"
1,14,94,1387,"2021-06-15 16:00:00"
1,10,43,1388,"2021-06-15 16:00:00"
1,11,99,1389,"2021-06-15 16:00:00"
1,14,94,1390,"2021-06-15 16:00:00"
1,9,89,1391,"2021-06-15 16:00:00"
2,5,37,1392,"2021-06-15 16:00:00"
2,6,96,1393,"2021-06-15 16:00:00"
2,2,18,1394,"2021-06-15 16:00:00"
2,7,46,1395,"2021-06-15 16:00:00"
2,3,88,1396,"2021-06-15 16:00:00"
2,8,61,1397,"2021-06-15 16:00:00"
2,8,23,1398,"2021-06-15 16:00:00"
2,8,1,1399,"2021-06-15 16:00:00"
2,4,33,1400,"2021-06-15 16:00:00"
2,1,86,1401,"2021-06-15 16:00:00"
2,5,37,1402,"2021-06-15 16:00:00"
2,6,87,1403,"2021-06-15 16:00:00"
2,4,80,1404,"2021-06-15 16:00:00"
2,2,53,1405,"2021-06-15 16:00:00"
2,3,2,1406,"2021-06-15 16:00:00"
2,4,98,1407,"2021-06-15 16:00:00"
2,1,51,1408,"2021-06-15 16:00:00"
2,3,17,1409,"2021-06-15 16:00:00"
2,2,45,1410,"2021-06-15 16:00:00"
2,1,66,1411,"2021-06-15 16:00:00"
2,6,6,1412,"2021-06-15 16:00:00"
2,8,75,1413,"2021-06-15 16:00:00"
2,2,67,1414,"2021-06-15 16:00:00"
2,3,36,1415,"2021-06-15 16:00:00"
2,7,70,1416,"2021-06-15 16:00:00"
2,8,24,1417,"2021-06-15 16:00:00"
2,5,83,1418,"2021-06-15 16:00:00"
1,10,41,1419,"2021-06-15 17:00:00"
1,14,94,1420,"2021-06-15 17:00:00"
1,13,48,1421,"2021-06-15 17:00:00"
1,12,79,1422,"2021-06-15 17:00:00"
1,9,55,1423,"2021-06-15 17:00:00"
1,12,52,1424,"2021-06-15 17:00:00"
1,13,48,1425,"2021-06-15 17:00:00"
1,10,95,1426,"2021-06-15 17:00:00"
1,9,69,1427,"2021-06-15 17:00:00"
1,12,79,1428,"2021-06-15 17:00:00"
1,14,32,1429,"2021-06-15 17:00:00"
1,14,94,1430,"2021-06-15 17:00:00"
1,11,71,1431,"2021-06-15 17:00:00"
1,14,4,1432,"2021-06-15 17:00:00"
1,13,48,1433,"2021-06-15 17:00:00"
1,10,41,1434,"2021-06-15 17:00:00"
1,14,32,1435,"2021-06-15 17:00:00"
1,13,48,1436,"2021-06-15 17:00:00"
1,12,79,1437,"2021-06-15 17:00:00"
1,11,72,1438,"2021-06-15 17:00:00"
1,9,69,1439,"2021-06-15 17:00:00"
1,14,32,1440,"2021-06-15 17:00:00"
1,10,38,1441,"2021-06-15 17:00:00"
1,12,73,1442,"2021-06-15 17:00:00"
1,9,89,1443,"2021-06-15 17:00:00"
1,13,48,1444,"2021-06-15 17:00:00"
2,3,2,1445,"2021-06-15 17:00:00"
2,7,40,1446,"2021-06-15 17:00:00"
2,1,31,1447,"2021-06-15 17:00:00"
2,5,83,1448,"2021-06-15 17:00:00"
2,1,31,1449,"2021-06-15 17:00:00"
2,6,26,1450,"2021-06-15 17:00:00"
2,3,13,1451,"2021-06-15 17:00:00"
2,8,100,1452,"2021-06-15 17:00:00"
2,7,68,1453,"2021-06-15 17:00:00"
2,8,56,1454,"2021-06-15 17:00:00"
2,8,1,1455,"2021-06-15 17:00:00"
2,2,92,1456,"2021-06-15 17:00:00"
2,6,58,1457,"2021-06-15 17:00:00"
2,2,35,1458,"2021-06-15 17:00:00"
2,3,88,1459,"2021-06-15 17:00:00"
2,4,33,1460,"2021-06-15 17:00:00"
2,1,51,1461,"2021-06-15 17:00:00"
2,2,28,1462,"2021-06-15 17:00:00"
2,5,21,1463,"2021-06-15 17:00:00"
2,7,46,1464,"2021-06-15 17:00:00"
2,8,61,1465,"2021-06-15 17:00:00"
2,3,47,1466,"2021-06-15 17:00:00"
2,3,2,1467,"2021-06-15 17:00:00"
2,6,16,1468,"2021-06-15 17:00:00"
2,7,91,1469,"2021-06-15 17:00:00"
2,1,50,1470,"2021-06-15 17:00:00"
2,5,83,1471,"2021-06-15 17:00:00"
2,8,1,1472,"2021-06-15 17:00:00"
2,6,87,1473,"2021-06-15 17:00:00"
2,2,97,1474,"2021-06-15 17:00:00"
2,7,9,1475,"2021-06-15 17:00:00"
2,8,61,1476,"2021-06-15 17:00:00"
2,6,96,1477,"2021-06-15 17:00:00"
2,3,13,1478,"2021-06-15 17:00:00"
2,2,59,1479,"2021-06-15 17:00:00"
2,3,13,1480,"2021-06-15 17:00:00"
2,1,90,1481,"2021-06-15 17:00:00"
2,2,59,1482,"2021-06-15 17:00:00"
2,7,74,1483,"2021-06-15 17:00:00"
2,8,100,1484,"2021-06-15 17:00:00"
2,6,22,1485,"2021-06-15 17:00:00"
2,8,1,1486,"2021-06-15 17:00:00"
1,11,5,1487,"2021-06-15 18:00:00"
1,14,57,1488,"2021-06-15 18:00:00"
1,14,94,1489,"2021-06-15 18:00:00"
1,11,99,1490,"2021-06-15 18:00:00"
1,12,14,1491,"2021-06-15 18:00:00"
1,9,69,1492,"2021-06-15 18:00:00"
1,10,93,1493,"2021-06-15 18:00:00"
1,12,73,1494,"2021-06-15 18:00:00"
1,11,99,1495,"2021-06-15 18:00:00"
1,14,4,1496,"2021-06-15 18:00:00"
1,12,42,1497,"2021-06-15 18:00:00"
1,13,48,1498,"2021-06-15 18:00:00"
1,10,95,1499,"2021-06-15 18:00:00"
1,14,94,1500,"2021-06-15 18:00:00"
2,1,31,1501,"2021-06-15 18:00:00"
2,6,96,1502,"2021-06-15 18:00:00"
2,5,21,1503,"2021-06-15 18:00:00"
2,8,75,1504,"2021-06-15 18:00:00"
2,7,65,1505,"2021-06-15 18:00:00"
2,3,36,1506,"2021-06-15 18:00:00"
2,6,58,1507,"2021-06-15 18:00:00"
2,8,1,1508,"2021-06-15 18:00:00"
2,7,91,1509,"2021-06-15 18:00:00"
2,1,51,1510,"2021-06-15 18:00:00"
2,7,12,1511,"2021-06-15 18:00:00"
2,5,21,1512,"2021-06-15 18:00:00"
2,6,58,1513,"2021-06-15 18:00:00"
2,7,74,1514,"2021-06-15 18:00:00"
2,4,85,1515,"2021-06-15 18:00:00"
2,2,97,1516,"2021-06-15 18:00:00"
2,4,11,1517,"2021-06-15 18:00:00"
2,6,26,1518,"2021-06-15 18:00:00"
2,5,37,1519,"2021-06-15 18:00:00"
2,8,56,1520,"2021-06-15 18:00:00"
1,14,32,1521,"2021-06-15 19:00:00"
1,10,95,1522,"2021-06-15 19:00:00"
1,14,57,1523,"2021-06-15 19:00:00"
1,9,27,1524,"2021-06-15 19:00:00"
1,13,48,1525,"2021-06-15 19:00:00"
1,11,71,1526,"2021-06-15 19:00:00"
1,10,43,1527,"2021-06-15 19:00:00"
2,6,26,1528,"2021-06-15 19:00:00"
2,4,85,1529,"2021-06-15 19:00:00"
2,8,8,1530,"2021-06-15 19:00:00"
2,2,28,1531,"2021-06-15 19:00:00"
2,2,92,1532,"2021-06-15 19:00:00"
2,5,37,1533,"2021-06-15 19:00:00"
2,2,28,1534,"2021-06-15 19:00:00"
2,2,19,1535,"2021-06-15 19:00:00"
2,6,96,1536,"2021-06-15 19:00:00"
2,3,17,1537,"2021-06-15 19:00:00"
2,3,13,1538,"2021-06-15 19:00:00"
2,6,26,1539,"2021-06-15 19:00:00"
2,6,82,1540,"2021-06-15 19:00:00"
2,3,2,1541,"2021-06-15 19:00:00"
1,12,42,1542,"2021-06-16 09:00:00"
1,9,89,1543,"2021-06-16 09:00:00"
1,13,48,1544,"2021-06-16 09:00:00"
1,10,38,1545,"2021-06-16 09:00:00"
1,11,99,1546,"2021-06-16 09:00:00"
1,13,48,1547,"2021-06-16 09:00:00"
1,13,48,1548,"2021-06-16 09:00:00"
1,13,48,1549,"2021-06-16 09:00:00"
1,14,32,1550,"2021-06-16 09:00:00"
1,13,48,1551,"2021-06-16 09:00:00"
1,11,99,1552,"2021-06-16 09:00:00"
1,14,32,1553,"2021-06-16 09:00:00"
1,13,48,1554,"2021-06-16 09:00:00"
1,12,79,1555,"2021-06-16 09:00:00"
1,12,73,1556,"2021-06-16 09:00:00"
1,12,52,1557,"2021-06-16 09:00:00"
2,5,21,1558,"2021-06-16 09:00:00"
2,4,33,1559,"2021-06-16 09:00:00"
2,5,15,1560,"2021-06-16 09:00:00"
2,3,88,1561,"2021-06-16 09:00:00"
2,7,70,1562,"2021-06-16 09:00:00"
2,4,7,1563,"2021-06-16 09:00:00"
2,3,88,1564,"2021-06-16 09:00:00"
2,2,18,1565,"2021-06-16 09:00:00"
2,1,10,1566,"2021-06-16 09:00:00"
2,2,67,1567,"2021-06-16 09:00:00"
2,1,50,1568,"2021-06-16 09:00:00"
2,3,88,1569,"2021-06-16 09:00:00"
2,5,83,1570,"2021-06-16 09:00:00"
2,1,50,1571,"2021-06-16 09:00:00"
2,8,23,1572,"2021-06-16 09:00:00"
1,14,94,1573,"2021-06-16 10:00:00"
1,11,99,1574,"2021-06-16 10:00:00"
1,10,93,1575,"2021-06-16 10:00:00"
1,14,32,1576,"2021-06-16 10:00:00"
1,9,27,1577,"2021-06-16 10:00:00"
1,13,48,1578,"2021-06-16 10:00:00"
1,10,43,1579,"2021-06-16 10:00:00"
1,11,72,1580,"2021-06-16 10:00:00"
1,11,72,1581,"2021-06-16 10:00:00"
1,12,34,1582,"2021-06-16 10:00:00"
1,11,72,1583,"2021-06-16 10:00:00"
1,9,55,1584,"2021-06-16 10:00:00"
1,13,48,1585,"2021-06-16 10:00:00"
1,14,57,1586,"2021-06-16 10:00:00"
1,12,34,1587,"2021-06-16 10:00:00"
1,10,38,1588,"2021-06-16 10:00:00"
1,10,62,1589,"2021-06-16 10:00:00"
1,14,4,1590,"2021-06-16 10:00:00"
1,13,48,1591,"2021-06-16 11:00:00"
1,12,73,1592,"2021-06-16 11:00:00"
1,12,42,1593,"2021-06-16 11:00:00"
1,12,42,1594,"2021-06-16 11:00:00"
1,14,32,1595,"2021-06-16 11:00:00"
1,12,52,1596,"2021-06-16 11:00:00"
1,11,99,1597,"2021-06-16 11:00:00"
1,10,41,1598,"2021-06-16 11:00:00"
1,11,99,1599,"2021-06-16 11:00:00"
1,10,41,1600,"2021-06-16 11:00:00"
1,9,27,1601,"2021-06-16 11:00:00"
1,10,41,1602,"2021-06-16 11:00:00"
1,13,48,1603,"2021-06-16 11:00:00"
1,9,69,1604,"2021-06-16 11:00:00"
1,14,32,1605,"2021-06-16 11:00:00"
2,2,35,1606,"2021-06-16 11:00:00"
2,3,3,1607,"2021-06-16 11:00:00"
2,3,3,1608,"2021-06-16 11:00:00"
2,6,96,1609,"2021-06-16 11:00:00"
2,6,87,1610,"2021-06-16 11:00:00"
2,1,86,1611,"2021-06-16 11:00:00"
2,7,39,1612,"2021-06-16 11:00:00"
1,9,69,1613,"2021-06-16 12:00:00"
1,9,55,1614,"2021-06-16 12:00:00"
1,10,95,1615,"2021-06-16 12:00:00"
1,13,48,1616,"2021-06-16 12:00:00"
1,10,93,1617,"2021-06-16 12:00:00"
1,14,4,1618,"2021-06-16 12:00:00"
1,10,93,1619,"2021-06-16 12:00:00"
1,14,32,1620,"2021-06-16 12:00:00"
1,11,72,1621,"2021-06-16 12:00:00"
1,12,79,1622,"2021-06-16 12:00:00"
1,13,48,1623,"2021-06-16 12:00:00"
1,11,71,1624,"2021-06-16 12:00:00"
2,2,92,1625,"2021-06-16 12:00:00"
2,5,15,1626,"2021-06-16 12:00:00"
2,5,15,1627,"2021-06-16 12:00:00"
2,8,61,1628,"2021-06-16 12:00:00"
2,6,87,1629,"2021-06-16 12:00:00"
2,1,51,1630,"2021-06-16 12:00:00"
2,7,68,1631,"2021-06-16 12:00:00"
2,5,83,1632,"2021-06-16 12:00:00"
2,8,75,1633,"2021-06-16 12:00:00"
1,11,99,1634,"2021-06-16 13:00:00"
1,14,94,1635,"2021-06-16 13:00:00"
1,13,48,1636,"2021-06-16 13:00:00"
1,11,99,1637,"2021-06-16 13:00:00"
1,11,99,1638,"2021-06-16 13:00:00"
1,11,72,1639,"2021-06-16 13:00:00"
1,10,62,1640,"2021-06-16 13:00:00"
1,12,42,1641,"2021-06-16 13:00:00"
1,9,27,1642,"2021-06-16 13:00:00"
1,9,55,1643,"2021-06-16 13:00:00"
1,11,5,1644,"2021-06-16 13:00:00"
1,11,99,1645,"2021-06-16 13:00:00"
1,13,48,1646,"2021-06-16 13:00:00"
1,14,4,1647,"2021-06-16 13:00:00"
1,11,99,1648,"2021-06-16 13:00:00"
1,11,71,1649,"2021-06-16 13:00:00"
1,9,27,1650,"2021-06-16 13:00:00"
1,11,71,1651,"2021-06-16 13:00:00"
1,9,69,1652,"2021-06-16 13:00:00"
2,2,18,1653,"2021-06-16 13:00:00"
2,5,21,1654,"2021-06-16 13:00:00"
2,4,60,1655,"2021-06-16 13:00:00"
2,2,35,1656,"2021-06-16 13:00:00"
2,1,30,1657,"2021-06-16 13:00:00"
2,4,33,1658,"2021-06-16 13:00:00"
2,7,12,1659,"2021-06-16 13:00:00"
2,4,33,1660,"2021-06-16 13:00:00"
1,14,94,1661,"2021-06-16 14:00:00"
1,14,57,1662,"2021-06-16 14:00:00"
1,12,34,1663,"2021-06-16 14:00:00"
1,9,55,1664,"2021-06-16 14:00:00"
1,12,34,1665,"2021-06-16 14:00:00"
1,13,48,1666,"2021-06-16 14:00:00"
1,12,79,1667,"2021-06-16 14:00:00"
1,14,94,1668,"2021-06-16 14:00:00"
1,10,43,1669,"2021-06-16 14:00:00"
1,13,48,1670,"2021-06-16 14:00:00"
2,5,15,1671,"2021-06-16 14:00:00"
2,2,18,1672,"2021-06-16 14:00:00"
2,7,74,1673,"2021-06-16 14:00:00"
2,3,3,1674,"2021-06-16 14:00:00"
2,8,23,1675,"2021-06-16 14:00:00"
2,8,100,1676,"2021-06-16 14:00:00"
1,9,69,1677,"2021-06-16 15:00:00"
1,14,4,1678,"2021-06-16 15:00:00"
1,14,94,1679,"2021-06-16 15:00:00"
1,10,62,1680,"2021-06-16 15:00:00"
1,14,32,1681,"2021-06-16 15:00:00"
1,9,69,1682,"2021-06-16 15:00:00"
1,12,73,1683,"2021-06-16 15:00:00"
1,12,34,1684,"2021-06-16 15:00:00"
1,13,48,1685,"2021-06-16 15:00:00"
1,12,52,1686,"2021-06-16 15:00:00"
1,13,48,1687,"2021-06-16 15:00:00"
1,11,72,1688,"2021-06-16 15:00:00"
1,14,94,1689,"2021-06-16 15:00:00"
1,9,55,1690,"2021-06-16 15:00:00"
1,13,48,1691,"2021-06-16 15:00:00"
1,14,57,1692,"2021-06-16 15:00:00"
1,11,71,1693,"2021-06-16 15:00:00"
1,9,27,1694,"2021-06-16 15:00:00"
1,13,48,1695,"2021-06-16 15:00:00"
1,14,57,1696,"2021-06-16 15:00:00"
1,12,52,1697,"2021-06-16 15:00:00"
1,12,42,1698,"2021-06-16 15:00:00"
2,2,53,1699,"2021-06-16 15:00:00"
2,2,45,1700,"2021-06-16 15:00:00"
2,6,6,1701,"2021-06-16 15:00:00"
2,5,37,1702,"2021-06-16 15:00:00"
2,1,50,1703,"2021-06-16 15:00:00"
2,2,97,1704,"2021-06-16 15:00:00"
2,2,45,1705,"2021-06-16 15:00:00"
2,7,74,1706,"2021-06-16 15:00:00"
2,8,24,1707,"2021-06-16 15:00:00"
2,7,40,1708,"2021-06-16 15:00:00"
2,3,47,1709,"2021-06-16 15:00:00"
2,4,80,1710,"2021-06-16 15:00:00"
2,2,53,1711,"2021-06-16 15:00:00"
2,2,28,1712,"2021-06-16 15:00:00"
2,2,53,1713,"2021-06-16 15:00:00"
1,12,73,1714,"2021-06-16 16:00:00"
1,13,48,1715,"2021-06-16 16:00:00"
1,9,27,1716,"2021-06-16 16:00:00"
1,13,48,1717,"2021-06-16 16:00:00"
1,13,48,1718,"2021-06-16 16:00:00"
2,1,63,1719,"2021-06-16 16:00:00"
2,8,1,1720,"2021-06-16 16:00:00"
2,2,18,1721,"2021-06-16 16:00:00"
2,3,3,1722,"2021-06-16 16:00:00"
2,4,49,1723,"2021-06-16 16:00:00"
2,4,60,1724,"2021-06-16 16:00:00"
2,7,68,1725,"2021-06-16 16:00:00"
2,1,51,1726,"2021-06-16 16:00:00"
2,5,83,1727,"2021-06-16 16:00:00"
2,2,97,1728,"2021-06-16 16:00:00"
2,7,40,1729,"2021-06-16 16:00:00"
2,4,44,1730,"2021-06-16 16:00:00"
2,6,22,1731,"2021-06-16 16:00:00"
2,7,20,1732,"2021-06-16 16:00:00"
2,1,50,1733,"2021-06-16 16:00:00"
2,3,88,1734,"2021-06-16 16:00:00"
2,7,40,1735,"2021-06-16 16:00:00"
2,8,24,1736,"2021-06-16 16:00:00"
2,3,17,1737,"2021-06-16 16:00:00"
2,2,35,1738,"2021-06-16 16:00:00"
2,4,11,1739,"2021-06-16 16:00:00"
2,7,20,1740,"2021-06-16 16:00:00"
2,2,53,1741,"2021-06-16 16:00:00"
2,4,60,1742,"2021-06-16 16:00:00"
2,2,35,1743,"2021-06-16 16:00:00"
2,6,16,1744,"2021-06-16 16:00:00"
2,4,44,1745,"2021-06-16 16:00:00"
2,6,16,1746,"2021-06-16 16:00:00"
2,7,25,1747,"2021-06-16 16:00:00"
2,4,60,1748,"2021-06-16 16:00:00"
2,1,31,1749,"2021-06-16 16:00:00"
2,8,78,1750,"2021-06-16 16:00:00"
2,6,87,1751,"2021-06-16 16:00:00"
1,14,57,1752,"2021-06-16 17:00:00"
1,13,48,1753,"2021-06-16 17:00:00"
1,11,71,1754,"2021-06-16 17:00:00"
1,10,93,1755,"2021-06-16 17:00:00"
1,12,42,1756,"2021-06-16 17:00:00"
1,14,94,1757,"2021-06-16 17:00:00"
1,14,32,1758,"2021-06-16 17:00:00"
1,11,71,1759,"2021-06-16 17:00:00"
1,11,99,1760,"2021-06-16 17:00:00"
1,13,48,1761,"2021-06-16 17:00:00"
1,10,93,1762,"2021-06-16 17:00:00"
1,11,5,1763,"2021-06-16 17:00:00"
1,12,14,1764,"2021-06-16 17:00:00"
1,13,48,1765,"2021-06-16 17:00:00"
2,7,70,1766,"2021-06-16 17:00:00"
2,5,37,1767,"2021-06-16 17:00:00"
2,7,91,1768,"2021-06-16 17:00:00"
2,1,66,1769,"2021-06-16 17:00:00"
2,6,82,1770,"2021-06-16 17:00:00"
2,2,53,1771,"2021-06-16 17:00:00"
2,1,51,1772,"2021-06-16 17:00:00"
2,6,87,1773,"2021-06-16 17:00:00"
2,3,36,1774,"2021-06-16 17:00:00"
1,13,48,1775,"2021-06-16 18:00:00"
1,10,43,1776,"2021-06-16 18:00:00"
1,13,48,1777,"2021-06-16 18:00:00"
1,10,93,1778,"2021-06-16 18:00:00"
1,12,14,1779,"2021-06-16 18:00:00"
1,10,38,1780,"2021-06-16 18:00:00"
1,10,43,1781,"2021-06-16 18:00:00"
1,9,27,1782,"2021-06-16 18:00:00"
1,9,69,1783,"2021-06-16 18:00:00"
1,13,48,1784,"2021-06-16 18:00:00"
1,13,48,1785,"2021-06-16 18:00:00"
1,9,27,1786,"2021-06-16 18:00:00"
1,11,99,1787,"2021-06-16 18:00:00"
1,14,94,1788,"2021-06-16 18:00:00"
1,13,48,1789,"2021-06-16 18:00:00"
1,11,5,1790,"2021-06-16 18:00:00"
1,12,14,1791,"2021-06-16 18:00:00"
1,9,55,1792,"2021-06-16 18:00:00"
1,12,14,1793,"2021-06-16 18:00:00"
2,2,97,1794,"2021-06-16 18:00:00"
2,5,21,1795,"2021-06-16 18:00:00"
2,1,30,1796,"2021-06-16 18:00:00"
2,4,80,1797,"2021-06-16 18:00:00"
2,6,26,1798,"2021-06-16 18:00:00"
2,7,54,1799,"2021-06-16 18:00:00"
2,7,76,1800,"2021-06-16 18:00:00"
2,6,87,1801,"2021-06-16 18:00:00"
2,8,56,1802,"2021-06-16 18:00:00"
2,2,67,1803,"2021-06-16 18:00:00"
2,4,7,1804,"2021-06-16 18:00:00"
2,2,97,1805,"2021-06-16 18:00:00"
2,7,76,1806,"2021-06-16 18:00:00"
2,5,15,1807,"2021-06-16 18:00:00"
2,3,36,1808,"2021-06-16 18:00:00"
2,8,23,1809,"2021-06-16 18:00:00"
2,7,46,1810,"2021-06-16 18:00:00"
2,3,88,1811,"2021-06-16 18:00:00"
2,2,18,1812,"2021-06-16 18:00:00"
2,4,80,1813,"2021-06-16 18:00:00"
2,1,31,1814,"2021-06-16 18:00:00"
2,7,68,1815,"2021-06-16 18:00:00"
2,5,83,1816,"2021-06-16 18:00:00"
2,7,9,1817,"2021-06-16 18:00:00"
2,2,19,1818,"2021-06-16 18:00:00"
2,6,58,1819,"2021-06-16 18:00:00"
2,3,17,1820,"2021-06-16 18:00:00"
2,2,45,1821,"2021-06-16 18:00:00"
2,5,15,1822,"2021-06-16 18:00:00"
2,6,77,1823,"2021-06-16 18:00:00"
2,7,54,1824,"2021-06-16 18:00:00"
2,7,70,1825,"2021-06-16 18:00:00"
2,4,33,1826,"2021-06-16 18:00:00"
2,8,61,1827,"2021-06-16 18:00:00"
2,4,33,1828,"2021-06-16 18:00:00"
2,2,53,1829,"2021-06-16 18:00:00"
2,1,10,1830,"2021-06-16 18:00:00"
1,10,95,1831,"2021-06-16 19:00:00"
1,12,79,1832,"2021-06-16 19:00:00"
1,11,5,1833,"2021-06-16 19:00:00"
1,11,5,1834,"2021-06-16 19:00:00"
1,10,38,1835,"2021-06-16 19:00:00"
1,10,38,1836,"2021-06-16 19:00:00"
1,9,69,1837,"2021-06-16 19:00:00"
1,9,89,1838,"2021-06-16 19:00:00"
1,9,69,1839,"2021-06-16 19:00:00"
1,11,71,1840,"2021-06-16 19:00:00"
1,9,55,1841,"2021-06-16 19:00:00"
1,14,4,1842,"2021-06-16 19:00:00"
1,9,55,1843,"2021-06-16 19:00:00"
1,12,34,1844,"2021-06-16 19:00:00"
1,12,34,1845,"2021-06-16 19:00:00"
1,11,5,1846,"2021-06-16 19:00:00"
1,12,42,1847,"2021-06-16 19:00:00"
1,13,48,1848,"2021-06-16 19:00:00"
1,9,89,1849,"2021-06-16 19:00:00"
1,9,55,1850,"2021-06-16 19:00:00"
1,13,48,1851,"2021-06-16 19:00:00"
1,9,69,1852,"2021-06-16 19:00:00"
1,12,34,1853,"2021-06-16 19:00:00"
1,14,57,1854,"2021-06-16 19:00:00"
1,13,48,1855,"2021-06-16 19:00:00"
1,10,41,1856,"2021-06-16 19:00:00"
1,9,69,1857,"2021-06-16 19:00:00"
1,9,89,1858,"2021-06-16 19:00:00"
1,12,42,1859,"2021-06-16 19:00:00"
2,2,53,1860,"2021-06-16 19:00:00"
2,7,39,1861,"2021-06-16 19:00:00"
2,4,7,1862,"2021-06-16 19:00:00"
2,6,58,1863,"2021-06-16 19:00:00"
2,6,58,1864,"2021-06-16 19:00:00"
2,4,44,1865,"2021-06-16 19:00:00"
2,8,100,1866,"2021-06-16 19:00:00"
2,1,86,1867,"2021-06-16 19:00:00"
2,1,66,1868,"2021-06-16 19:00:00"
2,4,60,1869,"2021-06-16 19:00:00"
2,6,22,1870,"2021-06-16 19:00:00"
2,2,35,1871,"2021-06-16 19:00:00"
2,3,2,1872,"2021-06-16 19:00:00"
2,4,44,1873,"2021-06-16 19:00:00"
2,8,75,1874,"2021-06-16 19:00:00"
2,2,45,1875,"2021-06-16 19:00:00"
2,2,97,1876,"2021-06-16 19:00:00"
2,8,1,1877,"2021-06-16 19:00:00"
2,3,36,1878,"2021-06-16 19:00:00"
2,1,31,1879,"2021-06-16 19:00:00"
2,8,100,1880,"2021-06-16 19:00:00"
2,6,77,1881,"2021-06-16 19:00:00"
2,5,37,1882,"2021-06-16 19:00:00"
2,7,46,1883,"2021-06-16 19:00:00"
2,8,24,1884,"2021-06-16 19:00:00"
2,1,90,1885,"2021-06-16 19:00:00"
2,2,28,1886,"2021-06-16 19:00:00"
2,6,87,1887,"2021-06-16 19:00:00"
2,1,31,1888,"2021-06-16 19:00:00"
2,5,83,1889,"2021-06-16 19:00:00"
2,7,68,1890,"2021-06-16 19:00:00"
2,6,22,1891,"2021-06-16 19:00:00"
2,3,3,1892,"2021-06-16 19:00:00"
2,3,13,1893,"2021-06-16 19:00:00"
2,6,22,1894,"2021-06-16 19:00:00"
2,3,88,1895,"2021-06-16 19:00:00"
2,4,81,1896,"2021-06-16 19:00:00"
2,7,40,1897,"2021-06-16 19:00:00"
2,7,12,1898,"2021-06-16 19:00:00"
2,3,3,1899,"2021-06-16 19:00:00"
1,12,73,1900,"2021-06-17 09:00:00"
1,13,48,1901,"2021-06-17 09:00:00"
1,11,71,1902,"2021-06-17 09:00:00"
1,13,48,1903,"2021-06-17 09:00:00"
1,12,73,1904,"2021-06-17 09:00:00"
1,10,62,1905,"2021-06-17 09:00:00"
1,13,48,1906,"2021-06-17 09:00:00"
1,14,94,1907,"2021-06-17 09:00:00"
1,12,14,1908,"2021-06-17 09:00:00"
2,6,77,1909,"2021-06-17 09:00:00"
2,2,19,1910,"2021-06-17 09:00:00"
2,5,15,1911,"2021-06-17 09:00:00"
2,4,7,1912,"2021-06-17 09:00:00"
2,4,98,1913,"2021-06-17 09:00:00"
2,4,80,1914,"2021-06-17 09:00:00"
2,5,15,1915,"2021-06-17 09:00:00"
2,3,13,1916,"2021-06-17 09:00:00"
2,4,7,1917,"2021-06-17 09:00:00"
2,3,17,1918,"2021-06-17 09:00:00"
2,4,11,1919,"2021-06-17 09:00:00"
2,3,47,1920,"2021-06-17 09:00:00"
2,8,84,1921,"2021-06-17 09:00:00"
2,2,45,1922,"2021-06-17 09:00:00"
2,5,83,1923,"2021-06-17 09:00:00"
2,2,45,1924,"2021-06-17 09:00:00"
2,8,8,1925,"2021-06-17 09:00:00"
2,8,100,1926,"2021-06-17 09:00:00"
2,3,47,1927,"2021-06-17 09:00:00"
2,7,25,1928,"2021-06-17 09:00:00"
1,11,99,1929,"2021-06-17 10:00:00"
1,14,4,1930,"2021-06-17 10:00:00"
1,9,55,1931,"2021-06-17 10:00:00"
1,13,48,1932,"2021-06-17 10:00:00"
1,11,72,1933,"2021-06-17 10:00:00"
1,13,48,1934,"2021-06-17 10:00:00"
1,10,62,1935,"2021-06-17 10:00:00"
1,10,62,1936,"2021-06-17 10:00:00"
1,12,79,1937,"2021-06-17 10:00:00"
1,14,94,1938,"2021-06-17 10:00:00"
1,13,48,1939,"2021-06-17 10:00:00"
1,12,52,1940,"2021-06-17 10:00:00"
1,10,41,1941,"2021-06-17 10:00:00"
1,12,34,1942,"2021-06-17 10:00:00"
2,8,24,1943,"2021-06-17 10:00:00"
2,8,56,1944,"2021-06-17 10:00:00"
2,7,70,1945,"2021-06-17 10:00:00"
2,2,35,1946,"2021-06-17 10:00:00"
2,7,25,1947,"2021-06-17 10:00:00"
2,7,65,1948,"2021-06-17 10:00:00"
1,12,73,1949,"2021-06-17 11:00:00"
1,11,99,1950,"2021-06-17 11:00:00"
1,11,72,1951,"2021-06-17 11:00:00"
1,10,38,1952,"2021-06-17 11:00:00"
1,12,52,1953,"2021-06-17 11:00:00"
1,13,48,1954,"2021-06-17 11:00:00"
1,9,69,1955,"2021-06-17 11:00:00"
1,13,48,1956,"2021-06-17 11:00:00"
1,14,94,1957,"2021-06-17 11:00:00"
1,14,57,1958,"2021-06-17 11:00:00"
1,11,5,1959,"2021-06-17 11:00:00"
1,12,14,1960,"2021-06-17 11:00:00"
1,10,41,1961,"2021-06-17 11:00:00"
1,11,71,1962,"2021-06-17 11:00:00"
1,12,79,1963,"2021-06-17 11:00:00"
1,12,79,1964,"2021-06-17 11:00:00"
1,14,94,1965,"2021-06-17 11:00:00"
2,1,10,1966,"2021-06-17 11:00:00"
2,7,68,1967,"2021-06-17 11:00:00"
2,8,1,1968,"2021-06-17 11:00:00"
1,13,48,1969,"2021-06-17 12:00:00"
1,14,57,1970,"2021-06-17 12:00:00"
1,9,89,1971,"2021-06-17 12:00:00"
1,13,48,1972,"2021-06-17 12:00:00"
1,10,38,1973,"2021-06-17 12:00:00"
2,6,58,1974,"2021-06-17 12:00:00"
2,5,21,1975,"2021-06-17 12:00:00"
2,8,61,1976,"2021-06-17 12:00:00"
2,7,20,1977,"2021-06-17 12:00:00"
2,3,13,1978,"2021-06-17 12:00:00"
2,2,67,1979,"2021-06-17 12:00:00"
2,6,87,1980,"2021-06-17 12:00:00"
2,5,15,1981,"2021-06-17 12:00:00"
2,8,100,1982,"2021-06-17 12:00:00"
2,2,97,1983,"2021-06-17 12:00:00"
2,2,35,1984,"2021-06-17 12:00:00"
2,3,2,1985,"2021-06-17 12:00:00"
2,2,67,1986,"2021-06-17 12:00:00"
2,5,37,1987,"2021-06-17 12:00:00"
2,4,44,1988,"2021-06-17 12:00:00"
2,8,1,1989,"2021-06-17 12:00:00"
2,2,35,1990,"2021-06-17 12:00:00"
2,2,35,1991,"2021-06-17 12:00:00"
1,9,27,1992,"2021-06-17 13:00:00"
1,9,69,1993,"2021-06-17 13:00:00"
1,10,38,1994,"2021-06-17 13:00:00"
1,14,4,1995,"2021-06-17 13:00:00"
1,11,72,1996,"2021-06-17 13:00:00"
1,13,48,1997,"2021-06-17 13:00:00"
2,1,51,1998,"2021-06-17 13:00:00"
2,1,90,1999,"2021-06-17 13:00:00"
2,3,2,2000,"2021-06-17 13:00:00"
2,7,46,2001,"2021-06-17 13:00:00"
2,1,10,2002,"2021-06-17 13:00:00"
2,6,82,2003,"2021-06-17 13:00:00"
2,1,86,2004,"2021-06-17 13:00:00"
2,3,3,2005,"2021-06-17 13:00:00"
2,5,15,2006,"2021-06-17 13:00:00"
2,5,15,2007,"2021-06-17 13:00:00"
2,3,13,2008,"2021-06-17 13:00:00"
2,7,40,2009,"2021-06-17 13:00:00"
2,1,64,2010,"2021-06-17 13:00:00"
2,5,21,2011,"2021-06-17 13:00:00"
2,5,15,2012,"2021-06-17 13:00:00"
2,7,40,2013,"2021-06-17 13:00:00"
2,8,23,2014,"2021-06-17 13:00:00"
2,3,88,2015,"2021-06-17 13:00:00"
2,8,8,2016,"2021-06-17 13:00:00"
2,4,98,2017,"2021-06-17 13:00:00"
2,4,44,2018,"2021-06-17 13:00:00"
2,6,77,2019,"2021-06-17 13:00:00"
2,5,15,2020,"2021-06-17 13:00:00"
2,7,9,2021,"2021-06-17 13:00:00"
2,5,83,2022,"2021-06-17 13:00:00"
2,1,30,2023,"2021-06-17 13:00:00"
2,1,63,2024,"2021-06-17 13:00:00"
2,5,15,2025,"2021-06-17 13:00:00"
2,8,8,2026,"2021-06-17 13:00:00"
2,5,37,2027,"2021-06-17 13:00:00"
2,3,88,2028,"2021-06-17 13:00:00"
2,4,11,2029,"2021-06-17 13:00:00"
1,11,72,2030,"2021-06-17 14:00:00"
1,13,48,2031,"2021-06-17 14:00:00"
1,11,99,2032,"2021-06-17 14:00:00"
1,14,4,2033,"2021-06-17 14:00:00"
1,9,55,2034,"2021-06-17 14:00:00"
1,14,4,2035,"2021-06-17 14:00:00"
1,11,99,2036,"2021-06-17 14:00:00"
1,13,48,2037,"2021-06-17 14:00:00"
1,12,34,2038,"2021-06-17 14:00:00"
1,9,69,2039,"2021-06-17 14:00:00"
1,12,14,2040,"2021-06-17 14:00:00"
1,11,72,2041,"2021-06-17 14:00:00"
1,13,48,2042,"2021-06-17 14:00:00"
1,13,48,2043,"2021-06-17 14:00:00"
1,12,14,2044,"2021-06-17 14:00:00"
1,14,4,2045,"2021-06-17 14:00:00"
2,3,36,2046,"2021-06-17 14:00:00"
2,1,50,2047,"2021-06-17 14:00:00"
2,8,56,2048,"2021-06-17 14:00:00"
2,2,35,2049,"2021-06-17 14:00:00"
2,2,19,2050,"2021-06-17 14:00:00"
2,3,47,2051,"2021-06-17 14:00:00"
2,8,1,2052,"2021-06-17 14:00:00"
2,5,37,2053,"2021-06-17 14:00:00"
2,3,88,2054,"2021-06-17 14:00:00"
2,6,87,2055,"2021-06-17 14:00:00"
2,2,59,2056,"2021-06-17 14:00:00"
2,4,85,2057,"2021-06-17 14:00:00"
2,8,1,2058,"2021-06-17 14:00:00"
2,4,81,2059,"2021-06-17 14:00:00"
2,4,7,2060,"2021-06-17 14:00:00"
2,8,56,2061,"2021-06-17 14:00:00"
1,13,48,2062,"2021-06-17 15:00:00"
1,12,34,2063,"2021-06-17 15:00:00"
1,13,48,2064,"2021-06-17 15:00:00"
1,11,71,2065,"2021-06-17 15:00:00"
1,13,48,2066,"2021-06-17 15:00:00"
2,8,1,2067,"2021-06-17 15:00:00"
2,3,3,2068,"2021-06-17 15:00:00"
2,5,37,2069,"2021-06-17 15:00:00"
2,3,13,2070,"2021-06-17 15:00:00"
2,7,25,2071,"2021-06-17 15:00:00"
2,5,21,2072,"2021-06-17 15:00:00"
2,1,51,2073,"2021-06-17 15:00:00"
2,1,50,2074,"2021-06-17 15:00:00"
2,1,86,2075,"2021-06-17 15:00:00"
2,1,10,2076,"2021-06-17 15:00:00"
2,8,23,2077,"2021-06-17 15:00:00"
2,1,66,2078,"2021-06-17 15:00:00"
2,2,28,2079,"2021-06-17 15:00:00"
2,7,9,2080,"2021-06-17 15:00:00"
2,1,66,2081,"2021-06-17 15:00:00"
2,1,64,2082,"2021-06-17 15:00:00"
2,1,63,2083,"2021-06-17 15:00:00"
2,8,23,2084,"2021-06-17 15:00:00"
2,1,29,2085,"2021-06-17 15:00:00"
2,4,44,2086,"2021-06-17 15:00:00"
2,3,3,2087,"2021-06-17 15:00:00"
2,7,25,2088,"2021-06-17 15:00:00"
2,5,83,2089,"2021-06-17 15:00:00"
2,2,53,2090,"2021-06-17 15:00:00"
2,6,22,2091,"2021-06-17 15:00:00"
1,12,34,2092,"2021-06-17 16:00:00"
1,11,99,2093,"2021-06-17 16:00:00"
1,11,5,2094,"2021-06-17 16:00:00"
1,9,27,2095,"2021-06-17 16:00:00"
1,14,94,2096,"2021-06-17 16:00:00"
1,12,42,2097,"2021-06-17 16:00:00"
1,10,95,2098,"2021-06-17 16:00:00"
1,10,41,2099,"2021-06-17 16:00:00"
1,12,34,2100,"2021-06-17 16:00:00"
1,10,38,2101,"2021-06-17 16:00:00"
1,12,42,2102,"2021-06-17 16:00:00"
1,12,73,2103,"2021-06-17 16:00:00"
1,10,43,2104,"2021-06-17 16:00:00"
1,14,94,2105,"2021-06-17 16:00:00"
1,12,14,2106,"2021-06-17 16:00:00"
1,9,55,2107,"2021-06-17 16:00:00"
2,8,1,2108,"2021-06-17 16:00:00"
2,3,88,2109,"2021-06-17 16:00:00"
2,8,56,2110,"2021-06-17 16:00:00"
2,4,85,2111,"2021-06-17 16:00:00"
2,2,97,2112,"2021-06-17 16:00:00"
2,6,22,2113,"2021-06-17 16:00:00"
2,5,37,2114,"2021-06-17 16:00:00"
2,8,84,2115,"2021-06-17 16:00:00"
2,5,37,2116,"2021-06-17 16:00:00"
2,7,54,2117,"2021-06-17 16:00:00"
2,3,36,2118,"2021-06-17 16:00:00"
2,2,97,2119,"2021-06-17 16:00:00"
2,8,84,2120,"2021-06-17 16:00:00"
1,11,99,2121,"2021-06-17 17:00:00"
1,13,48,2122,"2021-06-17 17:00:00"
1,12,14,2123,"2021-06-17 17:00:00"
1,13,48,2124,"2021-06-17 17:00:00"
1,10,93,2125,"2021-06-17 17:00:00"
1,10,93,2126,"2021-06-17 17:00:00"
1,13,48,2127,"2021-06-17 17:00:00"
1,10,41,2128,"2021-06-17 17:00:00"
1,9,27,2129,"2021-06-17 17:00:00"
1,12,52,2130,"2021-06-17 17:00:00"
1,10,62,2131,"2021-06-17 17:00:00"
1,14,4,2132,"2021-06-17 17:00:00"
1,14,32,2133,"2021-06-17 17:00:00"
1,9,55,2134,"2021-06-17 17:00:00"
1,9,69,2135,"2021-06-17 17:00:00"
1,14,32,2136,"2021-06-17 17:00:00"
2,2,67,2137,"2021-06-17 17:00:00"
2,2,59,2138,"2021-06-17 17:00:00"
2,4,11,2139,"2021-06-17 17:00:00"
2,5,83,2140,"2021-06-17 17:00:00"
2,1,63,2141,"2021-06-17 17:00:00"
2,7,25,2142,"2021-06-17 17:00:00"
2,2,45,2143,"2021-06-17 17:00:00"
2,2,59,2144,"2021-06-17 17:00:00"
2,7,70,2145,"2021-06-17 17:00:00"
2,3,36,2146,"2021-06-17 17:00:00"
2,1,30,2147,"2021-06-17 17:00:00"
2,2,45,2148,"2021-06-17 17:00:00"
2,7,9,2149,"2021-06-17 17:00:00"
2,4,7,2150,"2021-06-17 17:00:00"
2,6,26,2151,"2021-06-17 17:00:00"
2,8,8,2152,"2021-06-17 17:00:00"
1,10,41,2153,"2021-06-17 18:00:00"
1,10,43,2154,"2021-06-17 18:00:00"
1,9,89,2155,"2021-06-17 18:00:00"
1,13,48,2156,"2021-06-17 18:00:00"
1,9,69,2157,"2021-06-17 18:00:00"
1,13,48,2158,"2021-06-17 18:00:00"
1,11,99,2159,"2021-06-17 18:00:00"
1,13,48,2160,"2021-06-17 18:00:00"
1,13,48,2161,"2021-06-17 18:00:00"
1,9,55,2162,"2021-06-17 18:00:00"
1,9,69,2163,"2021-06-17 18:00:00"
1,10,93,2164,"2021-06-17 18:00:00"
1,12,73,2165,"2021-06-17 18:00:00"
1,9,89,2166,"2021-06-17 18:00:00"
1,11,71,2167,"2021-06-17 18:00:00"
1,12,42,2168,"2021-06-17 18:00:00"
1,13,48,2169,"2021-06-17 18:00:00"
1,11,72,2170,"2021-06-17 18:00:00"
1,12,34,2171,"2021-06-17 18:00:00"
1,9,89,2172,"2021-06-17 18:00:00"
1,11,71,2173,"2021-06-17 18:00:00"
1,14,32,2174,"2021-06-17 18:00:00"
1,13,48,2175,"2021-06-17 18:00:00"
1,12,52,2176,"2021-06-17 18:00:00"
2,1,66,2177,"2021-06-17 18:00:00"
2,6,16,2178,"2021-06-17 18:00:00"
1,13,48,2179,"2021-06-17 19:00:00"
1,9,55,2180,"2021-06-17 19:00:00"
1,13,48,2181,"2021-06-17 19:00:00"
1,11,99,2182,"2021-06-17 19:00:00"
1,13,48,2183,"2021-06-17 19:00:00"
1,10,41,2184,"2021-06-17 19:00:00"
1,11,99,2185,"2021-06-17 19:00:00"
1,12,79,2186,"2021-06-17 19:00:00"
1,14,4,2187,"2021-06-17 19:00:00"
1,9,55,2188,"2021-06-17 19:00:00"
1,13,48,2189,"2021-06-17 19:00:00"
2,5,21,2190,"2021-06-17 19:00:00"
2,3,47,2191,"2021-06-17 19:00:00"
2,1,51,2192,"2021-06-17 19:00:00"
2,6,26,2193,"2021-06-17 19:00:00"
2,1,66,2194,"2021-06-17 19:00:00"
2,5,37,2195,"2021-06-17 19:00:00"
2,8,8,2196,"2021-06-17 19:00:00"
2,1,50,2197,"2021-06-17 19:00:00"
2,5,83,2198,"2021-06-17 19:00:00"
2,1,63,2199,"2021-06-17 19:00:00"
2,3,47,2200,"2021-06-17 19:00:00"
2,6,87,2201,"2021-06-17 19:00:00"
2,2,45,2202,"2021-06-17 19:00:00"
2,2,97,2203,"2021-06-17 19:00:00"
2,4,11,2204,"2021-06-17 19:00:00"
2,5,15,2205,"2021-06-17 19:00:00"
2,8,56,2206,"2021-06-17 19:00:00"
2,2,18,2207,"2021-06-17 19:00:00"
2,7,68,2208,"2021-06-17 19:00:00"
2,2,19,2209,"2021-06-17 19:00:00"
2,2,53,2210,"2021-06-17 19:00:00"
2,7,39,2211,"2021-06-17 19:00:00"
2,5,21,2212,"2021-06-17 19:00:00"
2,6,96,2213,"2021-06-17 19:00:00"
2,1,90,2214,"2021-06-17 19:00:00"
2,1,31,2215,"2021-06-17 19:00:00"
1,11,71,2216,"2021-06-18 09:00:00"
1,10,93,2217,"2021-06-18 09:00:00"
1,13,48,2218,"2021-06-18 09:00:00"
1,9,89,2219,"2021-06-18 09:00:00"
1,14,32,2220,"2021-06-18 09:00:00"
1,10,41,2221,"2021-06-18 09:00:00"
1,11,99,2222,"2021-06-18 09:00:00"
1,13,48,2223,"2021-06-18 09:00:00"
1,13,48,2224,"2021-06-18 09:00:00"
1,11,72,2225,"2021-06-18 09:00:00"
1,14,32,2226,"2021-06-18 09:00:00"
1,10,43,2227,"2021-06-18 09:00:00"
1,10,38,2228,"2021-06-18 09:00:00"
1,14,32,2229,"2021-06-18 09:00:00"
2,6,22,2230,"2021-06-18 09:00:00"
2,7,54,2231,"2021-06-18 09:00:00"
2,5,21,2232,"2021-06-18 09:00:00"
2,5,21,2233,"2021-06-18 09:00:00"
2,5,21,2234,"2021-06-18 09:00:00"
2,1,63,2235,"2021-06-18 09:00:00"
2,5,15,2236,"2021-06-18 09:00:00"
2,8,84,2237,"2021-06-18 09:00:00"
2,8,23,2238,"2021-06-18 09:00:00"
2,6,16,2239,"2021-06-18 09:00:00"
2,3,88,2240,"2021-06-18 09:00:00"
2,3,17,2241,"2021-06-18 09:00:00"
2,4,81,2242,"2021-06-18 09:00:00"
2,1,30,2243,"2021-06-18 09:00:00"
2,7,25,2244,"2021-06-18 09:00:00"
2,7,74,2245,"2021-06-18 09:00:00"
2,3,47,2246,"2021-06-18 09:00:00"
2,8,56,2247,"2021-06-18 09:00:00"
2,2,92,2248,"2021-06-18 09:00:00"
2,3,17,2249,"2021-06-18 09:00:00"
2,5,83,2250,"2021-06-18 09:00:00"
2,4,60,2251,"2021-06-18 09:00:00"
2,4,60,2252,"2021-06-18 09:00:00"
2,6,82,2253,"2021-06-18 09:00:00"
2,3,36,2254,"2021-06-18 09:00:00"
2,2,97,2255,"2021-06-18 09:00:00"
2,7,46,2256,"2021-06-18 09:00:00"
2,6,16,2257,"2021-06-18 09:00:00"
1,10,43,2258,"2021-06-18 10:00:00"
1,12,52,2259,"2021-06-18 10:00:00"
1,12,79,2260,"2021-06-18 10:00:00"
1,9,55,2261,"2021-06-18 10:00:00"
1,10,95,2262,"2021-06-18 10:00:00"
1,11,99,2263,"2021-06-18 10:00:00"
1,12,73,2264,"2021-06-18 10:00:00"
1,12,52,2265,"2021-06-18 10:00:00"
1,11,5,2266,"2021-06-18 10:00:00"
1,10,38,2267,"2021-06-18 10:00:00"
1,10,43,2268,"2021-06-18 10:00:00"
1,13,48,2269,"2021-06-18 10:00:00"
1,12,42,2270,"2021-06-18 10:00:00"
1,11,71,2271,"2021-06-18 10:00:00"
1,13,48,2272,"2021-06-18 10:00:00"
1,9,55,2273,"2021-06-18 10:00:00"
1,10,62,2274,"2021-06-18 10:00:00"
1,13,48,2275,"2021-06-18 10:00:00"
1,13,48,2276,"2021-06-18 10:00:00"
1,11,71,2277,"2021-06-18 10:00:00"
1,9,55,2278,"2021-06-18 10:00:00"
2,2,28,2279,"2021-06-18 10:00:00"
2,4,81,2280,"2021-06-18 10:00:00"
2,7,70,2281,"2021-06-18 10:00:00"
2,6,96,2282,"2021-06-18 10:00:00"
1,13,48,2283,"2021-06-18 11:00:00"
1,13,48,2284,"2021-06-18 11:00:00"
1,10,41,2285,"2021-06-18 11:00:00"
1,9,55,2286,"2021-06-18 11:00:00"
1,13,48,2287,"2021-06-18 11:00:00"
1,11,71,2288,"2021-06-18 11:00:00"
1,13,48,2289,"2021-06-18 11:00:00"
1,9,27,2290,"2021-06-18 11:00:00"
1,9,27,2291,"2021-06-18 11:00:00"
1,14,4,2292,"2021-06-18 11:00:00"
1,10,38,2293,"2021-06-18 11:00:00"
1,10,62,2294,"2021-06-18 11:00:00"
1,14,94,2295,"2021-06-18 11:00:00"
1,14,57,2296,"2021-06-18 11:00:00"
1,14,32,2297,"2021-06-18 11:00:00"
1,9,27,2298,"2021-06-18 11:00:00"
1,9,55,2299,"2021-06-18 11:00:00"
2,2,45,2300,"2021-06-18 11:00:00"
2,4,80,2301,"2021-06-18 11:00:00"
2,5,37,2302,"2021-06-18 11:00:00"
2,6,6,2303,"2021-06-18 11:00:00"
2,3,13,2304,"2021-06-18 11:00:00"
2,2,59,2305,"2021-06-18 11:00:00"
1,9,27,2306,"2021-06-18 12:00:00"
1,11,72,2307,"2021-06-18 12:00:00"
1,9,55,2308,"2021-06-18 12:00:00"
1,11,5,2309,"2021-06-18 12:00:00"
1,11,5,2310,"2021-06-18 12:00:00"
1,9,27,2311,"2021-06-18 12:00:00"
1,11,72,2312,"2021-06-18 12:00:00"
1,9,69,2313,"2021-06-18 12:00:00"
1,12,42,2314,"2021-06-18 12:00:00"
1,10,93,2315,"2021-06-18 12:00:00"
2,6,87,2316,"2021-06-18 12:00:00"
2,2,18,2317,"2021-06-18 12:00:00"
2,6,87,2318,"2021-06-18 12:00:00"
2,2,97,2319,"2021-06-18 12:00:00"
2,5,37,2320,"2021-06-18 12:00:00"
2,6,6,2321,"2021-06-18 12:00:00"
2,1,50,2322,"2021-06-18 12:00:00"
2,3,47,2323,"2021-06-18 12:00:00"
2,8,1,2324,"2021-06-18 12:00:00"
2,1,64,2325,"2021-06-18 12:00:00"
2,1,66,2326,"2021-06-18 12:00:00"
2,7,40,2327,"2021-06-18 12:00:00"
2,4,7,2328,"2021-06-18 12:00:00"
2,6,96,2329,"2021-06-18 12:00:00"
2,7,76,2330,"2021-06-18 12:00:00"
2,7,12,2331,"2021-06-18 12:00:00"
2,3,2,2332,"2021-06-18 12:00:00"
2,2,28,2333,"2021-06-18 12:00:00"
2,6,82,2334,"2021-06-18 12:00:00"
2,3,17,2335,"2021-06-18 12:00:00"
2,8,100,2336,"2021-06-18 12:00:00"
2,8,56,2337,"2021-06-18 12:00:00"
2,7,40,2338,"2021-06-18 12:00:00"
2,6,26,2339,"2021-06-18 12:00:00"
2,5,21,2340,"2021-06-18 12:00:00"
2,2,28,2341,"2021-06-18 12:00:00"
2,4,81,2342,"2021-06-18 12:00:00"
1,10,93,2343,"2021-06-18 13:00:00"
1,13,48,2344,"2021-06-18 13:00:00"
1,10,95,2345,"2021-06-18 13:00:00"
1,10,38,2346,"2021-06-18 13:00:00"
1,9,55,2347,"2021-06-18 13:00:00"
1,13,48,2348,"2021-06-18 13:00:00"
1,13,48,2349,"2021-06-18 13:00:00"
1,14,32,2350,"2021-06-18 13:00:00"
1,13,48,2351,"2021-06-18 13:00:00"
1,13,48,2352,"2021-06-18 13:00:00"
1,9,27,2353,"2021-06-18 13:00:00"
1,14,4,2354,"2021-06-18 13:00:00"
1,13,48,2355,"2021-06-18 13:00:00"
1,13,48,2356,"2021-06-18 13:00:00"
1,9,69,2357,"2021-06-18 13:00:00"
1,14,94,2358,"2021-06-18 13:00:00"
1,9,69,2359,"2021-06-18 13:00:00"
1,13,48,2360,"2021-06-18 13:00:00"
2,2,53,2361,"2021-06-18 13:00:00"
2,8,78,2362,"2021-06-18 13:00:00"
2,6,6,2363,"2021-06-18 13:00:00"
2,3,2,2364,"2021-06-18 13:00:00"
2,5,83,2365,"2021-06-18 13:00:00"
2,6,26,2366,"2021-06-18 13:00:00"
2,5,21,2367,"2021-06-18 13:00:00"
2,3,3,2368,"2021-06-18 13:00:00"
2,5,21,2369,"2021-06-18 13:00:00"
2,4,60,2370,"2021-06-18 13:00:00"
2,2,53,2371,"2021-06-18 13:00:00"
2,4,60,2372,"2021-06-18 13:00:00"
2,4,81,2373,"2021-06-18 13:00:00"
2,8,61,2374,"2021-06-18 13:00:00"
2,1,63,2375,"2021-06-18 13:00:00"
2,4,49,2376,"2021-06-18 13:00:00"
2,5,15,2377,"2021-06-18 13:00:00"
2,7,70,2378,"2021-06-18 13:00:00"
1,10,62,2379,"2021-06-18 14:00:00"
1,13,48,2380,"2021-06-18 14:00:00"
1,12,79,2381,"2021-06-18 14:00:00"
1,12,34,2382,"2021-06-18 14:00:00"
1,14,4,2383,"2021-06-18 14:00:00"
1,13,48,2384,"2021-06-18 14:00:00"
1,14,57,2385,"2021-06-18 14:00:00"
1,11,99,2386,"2021-06-18 14:00:00"
1,10,93,2387,"2021-06-18 14:00:00"
1,11,71,2388,"2021-06-18 14:00:00"
2,3,36,2389,"2021-06-18 14:00:00"
2,1,30,2390,"2021-06-18 14:00:00"
2,5,83,2391,"2021-06-18 14:00:00"
2,4,33,2392,"2021-06-18 14:00:00"
1,12,14,2393,"2021-06-18 15:00:00"
1,12,79,2394,"2021-06-18 15:00:00"
1,9,69,2395,"2021-06-18 15:00:00"
1,10,93,2396,"2021-06-18 15:00:00"
1,13,48,2397,"2021-06-18 15:00:00"
1,11,71,2398,"2021-06-18 15:00:00"
1,14,32,2399,"2021-06-18 15:00:00"
1,9,69,2400,"2021-06-18 15:00:00"
1,9,27,2401,"2021-06-18 15:00:00"
1,10,95,2402,"2021-06-18 15:00:00"
2,6,58,2403,"2021-06-18 15:00:00"
2,8,84,2404,"2021-06-18 15:00:00"
2,1,31,2405,"2021-06-18 15:00:00"
2,6,16,2406,"2021-06-18 15:00:00"
2,7,91,2407,"2021-06-18 15:00:00"
2,4,7,2408,"2021-06-18 15:00:00"
2,2,19,2409,"2021-06-18 15:00:00"
2,8,61,2410,"2021-06-18 15:00:00"
2,7,25,2411,"2021-06-18 15:00:00"
2,7,9,2412,"2021-06-18 15:00:00"
2,5,37,2413,"2021-06-18 15:00:00"
2,6,82,2414,"2021-06-18 15:00:00"
2,8,84,2415,"2021-06-18 15:00:00"
2,5,15,2416,"2021-06-18 15:00:00"
2,5,21,2417,"2021-06-18 15:00:00"
2,1,30,2418,"2021-06-18 15:00:00"
2,8,75,2419,"2021-06-18 15:00:00"
2,3,36,2420,"2021-06-18 15:00:00"
2,7,91,2421,"2021-06-18 15:00:00"
2,5,21,2422,"2021-06-18 15:00:00"
2,6,82,2423,"2021-06-18 15:00:00"
2,5,83,2424,"2021-06-18 15:00:00"
2,3,88,2425,"2021-06-18 15:00:00"
1,12,34,2426,"2021-06-18 16:00:00"
1,13,48,2427,"2021-06-18 16:00:00"
1,14,4,2428,"2021-06-18 16:00:00"
1,10,62,2429,"2021-06-18 16:00:00"
1,12,34,2430,"2021-06-18 16:00:00"
1,11,71,2431,"2021-06-18 16:00:00"
1,10,43,2432,"2021-06-18 16:00:00"
1,14,32,2433,"2021-06-18 16:00:00"
1,11,99,2434,"2021-06-18 16:00:00"
1,13,48,2435,"2021-06-18 16:00:00"
1,13,48,2436,"2021-06-18 16:00:00"
2,8,84,2437,"2021-06-18 16:00:00"
2,1,64,2438,"2021-06-18 16:00:00"
2,8,1,2439,"2021-06-18 16:00:00"
2,5,37,2440,"2021-06-18 16:00:00"
2,2,92,2441,"2021-06-18 16:00:00"
2,7,40,2442,"2021-06-18 16:00:00"
2,6,96,2443,"2021-06-18 16:00:00"
2,6,77,2444,"2021-06-18 16:00:00"
2,2,19,2445,"2021-06-18 16:00:00"
2,7,46,2446,"2021-06-18 17:00:00"
2,2,92,2447,"2021-06-18 17:00:00"
2,2,19,2448,"2021-06-18 17:00:00"
2,3,17,2449,"2021-06-18 17:00:00"
2,8,75,2450,"2021-06-18 17:00:00"
2,7,76,2451,"2021-06-18 17:00:00"
2,4,49,2452,"2021-06-18 17:00:00"
2,6,96,2453,"2021-06-18 17:00:00"
2,5,15,2454,"2021-06-18 17:00:00"
2,2,45,2455,"2021-06-18 17:00:00"
2,2,92,2456,"2021-06-18 17:00:00"
2,8,100,2457,"2021-06-18 17:00:00"
2,5,37,2458,"2021-06-18 17:00:00"
2,3,88,2459,"2021-06-18 17:00:00"
2,4,44,2460,"2021-06-18 17:00:00"
2,7,74,2461,"2021-06-18 17:00:00"
2,6,16,2462,"2021-06-18 17:00:00"
2,4,60,2463,"2021-06-18 17:00:00"
2,7,54,2464,"2021-06-18 17:00:00"
2,7,9,2465,"2021-06-18 17:00:00"
2,2,59,2466,"2021-06-18 17:00:00"
2,2,97,2467,"2021-06-18 17:00:00"
2,4,98,2468,"2021-06-18 17:00:00"
2,1,66,2469,"2021-06-18 17:00:00"
2,7,91,2470,"2021-06-18 17:00:00"
2,1,50,2471,"2021-06-18 17:00:00"
2,6,26,2472,"2021-06-18 17:00:00"
2,7,76,2473,"2021-06-18 17:00:00"
2,7,68,2474,"2021-06-18 17:00:00"
2,8,61,2475,"2021-06-18 17:00:00"
2,7,20,2476,"2021-06-18 17:00:00"
2,5,83,2477,"2021-06-18 17:00:00"
2,6,6,2478,"2021-06-18 17:00:00"
1,14,4,2479,"2021-06-18 18:00:00"
1,14,4,2480,"2021-06-18 18:00:00"
1,14,4,2481,"2021-06-18 18:00:00"
1,13,48,2482,"2021-06-18 18:00:00"
1,12,79,2483,"2021-06-18 18:00:00"
1,13,48,2484,"2021-06-18 18:00:00"
1,9,69,2485,"2021-06-18 18:00:00"
1,10,62,2486,"2021-06-18 18:00:00"
1,9,27,2487,"2021-06-18 18:00:00"
1,13,48,2488,"2021-06-18 18:00:00"
1,11,72,2489,"2021-06-18 18:00:00"
1,11,71,2490,"2021-06-18 18:00:00"
1,13,48,2491,"2021-06-18 18:00:00"
1,10,62,2492,"2021-06-18 18:00:00"
1,11,5,2493,"2021-06-18 18:00:00"
1,10,93,2494,"2021-06-18 18:00:00"
1,13,48,2495,"2021-06-18 18:00:00"
1,12,42,2496,"2021-06-18 18:00:00"
1,11,71,2497,"2021-06-18 18:00:00"
2,1,64,2498,"2021-06-18 18:00:00"
2,5,15,2499,"2021-06-18 18:00:00"
2,7,70,2500,"2021-06-18 18:00:00"
2,2,67,2501,"2021-06-18 18:00:00"
2,3,13,2502,"2021-06-18 18:00:00"
2,5,21,2503,"2021-06-18 18:00:00"
2,7,76,2504,"2021-06-18 18:00:00"
2,1,66,2505,"2021-06-18 18:00:00"
2,3,13,2506,"2021-06-18 18:00:00"
2,3,36,2507,"2021-06-18 18:00:00"
2,1,31,2508,"2021-06-18 18:00:00"
2,3,47,2509,"2021-06-18 18:00:00"
2,7,39,2510,"2021-06-18 18:00:00"
2,7,68,2511,"2021-06-18 18:00:00"
2,1,31,2512,"2021-06-18 18:00:00"
2,8,56,2513,"2021-06-18 18:00:00"
2,7,68,2514,"2021-06-18 18:00:00"
2,5,21,2515,"2021-06-18 18:00:00"
2,4,11,2516,"2021-06-18 18:00:00"
2,4,44,2517,"2021-06-18 18:00:00"
2,4,44,2518,"2021-06-18 18:00:00"
2,5,83,2519,"2021-06-18 18:00:00"
2,7,70,2520,"2021-06-18 18:00:00"
2,7,54,2521,"2021-06-18 18:00:00"
2,2,19,2522,"2021-06-18 18:00:00"
1,12,34,2523,"2021-06-18 19:00:00"
1,10,62,2524,"2021-06-18 19:00:00"
1,12,34,2525,"2021-06-18 19:00:00"
1,13,48,2526,"2021-06-18 19:00:00"
1,12,79,2527,"2021-06-18 19:00:00"
1,12,73,2528,"2021-06-18 19:00:00"
1,12,79,2529,"2021-06-18 19:00:00"
1,11,5,2530,"2021-06-18 19:00:00"
1,14,32,2531,"2021-06-18 19:00:00"
1,14,57,2532,"2021-06-18 19:00:00"
1,13,48,2533,"2021-06-18 19:00:00"
1,14,32,2534,"2021-06-18 19:00:00"
1,10,41,2535,"2021-06-18 19:00:00"
1,14,57,2536,"2021-06-18 19:00:00"
1,12,52,2537,"2021-06-18 19:00:00"
2,1,66,2538,"2021-06-18 19:00:00"
2,5,37,2539,"2021-06-18 19:00:00"
2,4,81,2540,"2021-06-18 19:00:00"
2,8,8,2541,"2021-06-18 19:00:00"
2,3,36,2542,"2021-06-18 19:00:00"
2,2,19,2543,"2021-06-18 19:00:00"
2,5,15,2544,"2021-06-18 19:00:00"
2,6,96,2545,"2021-06-18 19:00:00"
2,8,24,2546,"2021-06-18 19:00:00"
2,2,35,2547,"2021-06-18 19:00:00"
2,8,78,2548,"2021-06-18 19:00:00"
2,7,40,2549,"2021-06-18 19:00:00"
2,7,46,2550,"2021-06-18 19:00:00"
2,2,19,2551,"2021-06-18 19:00:00"
2,1,51,2552,"2021-06-18 19:00:00"
2,7,20,2553,"2021-06-18 19:00:00"
2,5,37,2554,"2021-06-18 19:00:00"
2,2,53,2555,"2021-06-18 19:00:00"
2,4,98,2556,"2021-06-18 19:00:00"
2,7,65,2557,"2021-06-18 19:00:00"
2,8,1,2558,"2021-06-18 19:00:00"
2,7,40,2559,"2021-06-18 19:00:00"
2,7,40,2560,"2021-06-18 19:00:00"
2,7,25,2561,"2021-06-18 19:00:00"
2,2,19,2562,"2021-06-18 19:00:00"
2,6,16,2563,"2021-06-18 19:00:00"
