"id_producto","id_factura","id_categoria","id_visita","id_tienda","id_persona"
5,1,11,1,1,30
43,1,10,1,1,30
62,1,10,1,1,30
79,1,12,1,1,30
89,1,9,1,1,30
4,2,14,2,1,139
14,2,12,2,1,139
27,2,9,2,1,139
34,2,12,2,1,139
72,2,11,2,1,139
17,3,3,3,2,490
6,4,6,4,2,491
20,4,7,4,2,491
24,4,8,4,2,491
28,4,2,4,2,491
65,4,7,4,2,491
66,4,1,4,2,491
80,4,4,4,2,491
3,5,3,5,2,194
15,5,5,5,2,194
26,5,6,5,2,194
67,5,2,5,2,194
21,6,5,6,2,246
23,6,8,6,2,246
45,6,2,6,2,246
76,6,7,6,2,246
84,6,8,6,2,246
6,7,6,7,2,82
9,7,7,7,2,82
13,7,3,7,2,82
15,7,5,7,2,82
28,7,2,7,2,82
37,7,5,7,2,82
83,7,5,7,2,82
77,8,6,8,2,309
82,8,6,8,2,309
5,9,11,9,1,216
34,9,12,9,1,216
79,9,12,9,1,216
95,9,10,9,1,216
27,10,9,10,1,344
34,10,12,10,1,344
48,10,13,10,1,344
94,10,14,10,1,344
4,11,14,11,1,333
32,11,14,11,1,333
73,11,12,11,1,333
94,11,14,11,1,333
5,12,11,12,1,86
48,12,13,12,1,86
71,12,11,12,1,86
72,12,11,12,1,86
6,13,6,13,2,496
46,13,7,13,2,496
10,14,1,14,2,68
68,14,7,14,2,68
83,14,5,14,2,68
84,14,8,14,2,68
91,14,7,14,2,68
100,14,8,14,2,68
20,15,7,15,2,243
58,15,6,15,2,243
76,15,7,15,2,243
91,15,7,15,2,243
14,16,12,16,1,497
27,16,9,16,1,497
34,16,12,16,1,497
57,16,14,16,1,497
79,16,12,16,1,497
99,16,11,16,1,497
48,17,13,17,1,493
52,17,12,17,1,493
55,17,9,17,1,493
62,17,10,17,1,493
73,17,12,17,1,493
94,17,14,17,1,493
4,18,14,18,1,461
27,18,9,18,1,461
41,18,10,18,1,461
4,19,14,19,1,211
52,19,12,19,1,211
42,20,12,20,1,476
48,20,13,20,1,476
55,20,9,20,1,476
91,21,7,21,2,501
10,22,1,22,2,273
22,22,6,22,2,273
24,22,8,22,2,273
37,22,5,22,2,273
74,22,7,22,2,273
83,22,5,22,2,273
98,23,4,23,2,76
10,24,1,24,2,113
61,24,8,24,2,113
66,24,1,24,2,113
67,24,2,24,2,113
78,24,8,24,2,113
80,24,4,24,2,113
83,24,5,24,2,113
79,25,12,25,1,503
99,25,11,25,1,503
27,26,9,26,1,28
72,26,11,26,1,28
79,26,12,26,1,28
94,26,14,26,1,28
95,26,10,26,1,28
62,27,10,27,1,30
69,27,9,27,1,30
79,27,12,27,1,30
89,27,9,27,1,30
4,28,14,28,1,315
41,28,10,28,1,315
48,28,13,28,1,315
69,28,9,28,1,315
79,29,12,29,1,316
32,30,14,30,1,286
42,30,12,30,1,286
48,30,13,30,1,286
37,31,5,31,2,507
77,31,6,31,2,507
92,31,2,31,2,507
96,32,6,32,2,224
17,33,3,33,2,128
45,33,2,33,2,128
61,33,8,33,2,128
84,33,8,33,2,128
48,34,13,34,1,509
32,35,14,35,1,414
43,35,10,35,1,414
71,35,11,35,1,414
79,35,12,35,1,414
94,35,14,35,1,414
4,36,14,36,1,341
41,37,10,37,1,50
48,37,13,37,1,50
71,37,11,37,1,50
94,38,14,38,1,318
2,39,3,39,2,483
18,40,2,40,2,287
22,40,6,40,2,287
50,40,1,40,2,287
63,40,1,40,2,287
65,40,7,40,2,287
81,40,4,40,2,287
56,41,8,41,2,192
65,41,7,41,2,192
83,41,5,41,2,192
6,42,6,42,2,203
19,42,2,42,2,203
22,42,6,42,2,203
14,43,12,43,1,511
42,43,12,43,1,511
62,44,10,44,1,513
72,44,11,44,1,513
79,44,12,44,1,513
38,45,10,45,1,490
48,45,13,45,1,490
99,45,11,45,1,490
48,46,13,46,1,406
48,47,13,47,1,439
94,47,14,47,1,439
48,48,13,48,1,206
55,48,9,48,1,206
72,48,11,48,1,206
14,49,12,49,1,320
48,49,13,49,1,320
62,49,10,49,1,320
71,49,11,49,1,320
94,49,14,49,1,320
48,50,13,50,1,158
55,50,9,50,1,158
57,50,14,50,1,158
69,50,9,50,1,158
73,50,12,50,1,158
79,50,12,50,1,158
23,51,8,51,2,514
3,52,3,52,2,515
13,52,3,52,2,515
16,52,6,52,2,515
36,52,3,52,2,515
75,52,8,52,2,515
3,53,3,53,2,17
26,53,6,53,2,17
30,53,1,53,2,17
36,53,3,53,2,17
54,53,7,53,2,17
56,53,8,53,2,17
88,53,3,53,2,17
1,54,8,54,2,157
13,54,3,54,2,157
16,54,6,54,2,157
33,54,4,54,2,157
70,54,7,54,2,157
12,55,7,55,2,192
40,55,7,55,2,192
81,55,4,55,2,192
86,55,1,55,2,192
87,55,6,55,2,192
4,56,14,56,1,517
41,56,10,56,1,517
48,57,13,57,1,408
89,57,9,57,1,408
5,58,11,58,1,71
42,58,12,58,1,71
12,59,7,59,2,321
17,59,3,59,2,321
19,59,2,59,2,321
35,59,2,59,2,321
40,59,7,59,2,321
67,59,2,59,2,321
83,59,5,59,2,321
92,59,2,59,2,321
23,60,8,60,2,459
36,60,3,60,2,459
47,60,3,60,2,459
49,60,4,60,2,459
75,60,8,60,2,459
83,60,5,60,2,459
48,61,13,61,1,410
71,61,11,61,1,410
79,61,12,61,1,410
14,62,12,62,1,416
32,62,14,62,1,416
43,62,10,62,1,416
99,62,11,62,1,416
57,63,14,63,1,256
93,63,10,63,1,256
99,63,11,63,1,256
4,64,14,64,1,109
27,64,9,64,1,109
5,65,11,65,1,218
48,65,13,65,1,218
79,65,12,65,1,218
95,65,10,65,1,218
71,66,11,66,1,272
5,67,11,67,1,142
69,67,9,67,1,142
71,67,11,67,1,142
79,67,12,67,1,142
89,67,9,67,1,142
95,67,10,67,1,142
3,68,3,68,2,522
30,68,1,68,2,522
35,68,2,68,2,522
58,68,6,68,2,522
87,68,6,68,2,522
2,69,3,69,2,292
45,69,2,69,2,292
67,70,2,70,2,385
83,70,5,70,2,385
96,70,6,70,2,385
2,71,3,71,2,361
3,71,3,71,2,361
6,71,6,71,2,361
15,71,5,71,2,361
23,71,8,71,2,361
36,71,3,71,2,361
61,71,8,71,2,361
66,71,1,71,2,361
83,72,5,72,2,58
91,72,7,72,2,58
68,73,7,73,2,343
48,74,13,74,1,523
52,74,12,74,1,523
43,75,10,75,1,151
48,75,13,75,1,151
55,75,9,75,1,151
71,75,11,75,1,151
93,75,10,75,1,151
89,76,9,76,1,258
4,77,14,77,1,342
34,77,12,77,1,342
48,77,13,77,1,342
4,78,14,78,1,74
55,78,9,78,1,74
89,78,9,78,1,74
94,78,14,78,1,74
5,79,11,79,1,403
27,79,9,79,1,403
57,79,14,79,1,403
99,79,11,79,1,403
2,80,3,80,2,177
36,80,3,80,2,177
44,80,4,80,2,177
49,80,4,80,2,177
51,80,1,80,2,177
59,80,2,80,2,177
83,80,5,80,2,177
96,80,6,80,2,177
15,81,5,81,2,126
37,81,5,81,2,126
63,81,1,81,2,126
64,81,1,81,2,126
96,81,6,81,2,126
20,82,7,82,2,492
21,82,5,82,2,492
85,82,4,82,2,492
5,83,11,83,1,528
48,83,13,83,1,528
52,83,12,83,1,528
57,83,14,83,1,528
27,84,9,84,1,109
48,84,13,84,1,109
69,84,9,84,1,109
48,85,13,85,1,164
27,86,9,86,1,465
52,86,12,86,1,465
57,86,14,86,1,465
69,86,9,86,1,465
15,87,5,87,2,530
16,87,6,87,2,530
25,87,7,87,2,530
47,87,3,87,2,530
80,87,4,87,2,530
64,88,1,88,2,415
23,89,8,89,2,222
28,89,2,89,2,222
37,89,5,89,2,222
64,89,1,89,2,222
18,90,2,90,2,187
23,90,8,90,2,187
35,90,2,90,2,187
49,90,4,90,2,187
76,90,7,90,2,187
87,90,6,90,2,187
92,90,2,90,2,187
4,91,14,91,1,362
48,91,13,91,1,362
95,91,10,91,1,362
27,92,9,92,1,256
71,92,11,92,1,256
95,92,10,92,1,256
4,93,14,93,1,413
27,93,9,93,1,413
79,93,12,93,1,413
94,93,14,93,1,413
95,93,10,93,1,413
1,94,8,94,2,533
16,94,6,94,2,533
29,94,1,94,2,533
30,94,1,94,2,533
31,94,1,94,2,533
56,94,8,94,2,533
74,94,7,94,2,533
76,94,7,94,2,533
12,95,7,95,2,435
19,95,2,95,2,435
40,95,7,95,2,435
46,95,7,95,2,435
85,95,4,95,2,435
91,95,7,95,2,435
11,96,4,96,2,93
45,96,2,96,2,93
47,96,3,96,2,93
70,96,7,96,2,93
16,97,6,97,2,182
18,97,2,97,2,182
31,97,1,97,2,182
47,97,3,97,2,182
51,97,1,97,2,182
81,97,4,97,2,182
92,97,2,97,2,182
9,98,7,98,2,152
22,98,6,98,2,152
33,98,4,98,2,152
39,98,7,98,2,152
46,98,7,98,2,152
49,98,4,98,2,152
92,98,2,98,2,152
6,99,6,99,2,444
84,99,8,99,2,444
4,100,14,100,1,461
32,100,14,100,1,461
48,100,13,100,1,461
72,100,11,100,1,461
94,100,14,100,1,461
43,101,10,101,1,51
48,101,13,101,1,51
71,101,11,101,1,51
95,101,10,101,1,51
38,102,10,102,1,432
27,103,9,103,1,261
41,103,10,103,1,261
55,103,9,103,1,261
72,103,11,103,1,261
79,103,12,103,1,261
7,104,4,104,2,2
17,104,3,104,2,2
23,104,8,104,2,2
54,104,7,104,2,2
96,104,6,104,2,2
86,105,1,105,2,196
37,106,5,106,2,333
77,106,6,106,2,333
3,107,3,107,2,143
17,107,3,107,2,143
24,107,8,107,2,143
82,107,6,107,2,143
85,107,4,107,2,143
1,108,8,108,2,315
19,109,2,109,2,351
33,109,4,109,2,351
74,109,7,109,2,351
81,109,4,109,2,351
62,110,10,110,1,540
48,111,13,111,1,541
62,111,10,111,1,541
73,111,12,111,1,541
89,111,9,111,1,541
42,112,12,112,1,14
48,112,13,112,1,14
69,113,9,113,1,512
81,114,4,114,2,543
96,114,6,114,2,543
9,115,7,115,2,456
20,115,7,115,2,456
21,115,5,115,2,456
24,115,8,115,2,456
36,115,3,115,2,456
47,115,3,115,2,456
81,115,4,115,2,456
87,115,6,115,2,456
8,116,8,116,2,123
15,116,5,116,2,123
26,116,6,116,2,123
37,116,5,116,2,123
75,116,8,116,2,123
42,117,12,117,1,545
55,117,9,117,1,545
62,117,10,117,1,545
4,118,14,118,1,166
48,118,13,118,1,166
73,118,12,118,1,166
94,118,14,118,1,166
34,119,12,119,1,269
57,119,14,119,1,269
62,119,10,119,1,269
72,119,11,119,1,269
94,119,14,119,1,269
47,120,3,120,2,548
37,121,5,121,2,148
44,121,4,121,2,148
49,121,4,121,2,148
2,122,3,122,2,127
13,122,3,122,2,127
21,122,5,122,2,127
24,122,8,122,2,127
36,122,3,122,2,127
66,122,1,122,2,127
28,123,2,123,2,392
49,123,4,123,2,392
78,123,8,123,2,392
83,123,5,123,2,392
85,123,4,123,2,392
88,123,3,123,2,392
100,123,8,123,2,392
17,124,3,124,2,363
28,124,2,124,2,363
37,124,5,124,2,363
58,124,6,124,2,363
70,124,7,124,2,363
6,125,6,125,2,521
8,125,8,125,2,521
13,125,3,125,2,521
17,125,3,125,2,521
76,125,7,125,2,521
77,125,6,125,2,521
85,125,4,125,2,521
34,126,12,126,1,549
38,126,10,126,1,549
57,126,14,126,1,549
71,126,11,126,1,549
72,126,11,126,1,549
73,126,12,126,1,549
41,127,10,127,1,550
42,127,12,127,1,550
43,127,10,127,1,550
48,127,13,127,1,550
93,127,10,127,1,550
72,128,11,128,1,471
55,129,9,129,1,281
69,129,9,129,1,281
71,129,11,129,1,281
95,129,10,129,1,281
5,130,11,130,1,193
34,130,12,130,1,193
48,130,13,130,1,193
57,130,14,130,1,193
79,130,12,130,1,193
94,130,14,130,1,193
38,131,10,131,1,380
52,131,12,131,1,380
55,131,9,131,1,380
20,132,7,132,2,119
46,132,7,132,2,119
81,132,4,132,2,119
3,133,3,133,2,70
7,133,4,133,2,70
37,133,5,133,2,70
47,133,3,133,2,70
83,133,5,133,2,70
11,134,4,134,2,472
19,134,2,134,2,472
28,134,2,134,2,472
88,134,3,134,2,472
62,135,10,135,1,553
79,135,12,135,1,553
89,135,9,135,1,553
95,135,10,135,1,553
42,136,12,136,1,221
48,136,13,136,1,221
5,137,11,137,1,419
27,137,9,137,1,419
34,137,12,137,1,419
48,137,13,137,1,419
94,137,14,137,1,419
95,137,10,137,1,419
38,138,10,138,1,168
52,138,12,138,1,168
57,138,14,138,1,168
62,138,10,138,1,168
4,139,14,139,1,124
89,139,9,139,1,124
94,139,14,139,1,124
95,139,10,139,1,124
3,140,3,140,2,556
9,140,7,140,2,556
59,140,2,140,2,556
61,140,8,140,2,556
78,140,8,140,2,556
1,141,8,141,2,79
20,141,7,141,2,79
25,141,7,141,2,79
37,141,5,141,2,79
40,141,7,141,2,79
85,141,4,141,2,79
15,142,5,142,2,190
21,142,5,142,2,190
6,143,6,143,2,390
18,143,2,143,2,390
19,143,2,143,2,390
31,143,1,143,2,390
56,143,8,143,2,390
58,143,6,143,2,390
68,143,7,143,2,390
100,143,8,143,2,390
53,144,2,144,2,40
32,145,14,145,1,246
48,145,13,145,1,246
62,145,10,145,1,246
72,145,11,145,1,246
95,145,10,145,1,246
17,146,3,146,2,255
28,146,2,146,2,255
30,146,1,146,2,255
84,146,8,146,2,255
16,147,6,147,2,351
44,147,4,147,2,351
58,147,6,147,2,351
88,147,3,147,2,351
90,147,1,147,2,351
100,147,8,147,2,351
49,148,4,148,2,372
88,148,3,148,2,372
7,149,4,149,2,424
21,149,5,149,2,424
53,149,2,149,2,424
66,149,1,149,2,424
92,149,2,149,2,424
15,150,5,150,2,335
60,150,4,150,2,335
90,150,1,150,2,335
92,150,2,150,2,335
57,151,14,151,1,184
89,151,9,151,1,184
14,152,12,152,1,356
43,152,10,152,1,356
57,152,14,152,1,356
89,152,9,152,1,356
93,152,10,152,1,356
51,153,1,153,2,564
100,153,8,153,2,564
30,154,1,154,2,565
45,154,2,154,2,565
6,155,6,155,2,225
8,155,8,155,2,225
10,155,1,155,2,225
51,155,1,155,2,225
63,155,1,155,2,225
83,155,5,155,2,225
10,156,1,156,2,202
13,156,3,156,2,202
17,156,3,156,2,202
20,156,7,156,2,202
21,156,5,156,2,202
46,156,7,156,2,202
51,156,1,156,2,202
88,156,3,156,2,202
21,157,5,157,2,318
46,157,7,157,2,318
2,158,3,158,2,291
9,158,7,158,2,291
49,158,4,158,2,291
66,158,1,158,2,291
70,158,7,158,2,291
88,158,3,158,2,291
90,158,1,158,2,291
32,159,14,159,1,38
34,159,12,159,1,38
38,159,10,159,1,38
48,159,13,159,1,38
73,159,12,159,1,38
89,159,9,159,1,38
5,160,11,160,1,505
48,160,13,160,1,505
52,160,12,160,1,505
55,160,9,160,1,505
32,161,14,161,1,316
48,161,13,161,1,316
57,161,14,161,1,316
93,161,10,161,1,316
94,161,14,161,1,316
99,161,11,161,1,316
2,162,3,162,2,569
75,162,8,162,2,569
91,162,7,162,2,569
2,163,3,163,2,570
10,163,1,163,2,570
15,163,5,163,2,570
21,163,5,163,2,570
33,163,4,163,2,570
39,163,7,163,2,570
40,163,7,163,2,570
85,163,4,163,2,570
36,164,3,164,2,25
15,165,5,165,2,523
35,165,2,165,2,523
37,165,5,165,2,523
47,165,3,165,2,523
64,165,1,165,2,523
70,165,7,165,2,523
19,166,2,166,2,414
28,166,2,166,2,414
97,166,2,166,2,414
12,167,7,167,2,512
15,167,5,167,2,512
74,167,7,167,2,512
77,167,6,167,2,512
32,168,14,168,1,98
34,168,12,168,1,98
48,168,13,168,1,98
69,168,9,168,1,98
72,168,11,168,1,98
27,169,9,169,1,320
55,169,9,169,1,320
27,170,9,170,1,14
41,170,10,170,1,14
57,170,14,170,1,14
71,170,11,170,1,14
2,171,3,171,2,575
13,171,3,171,2,575
18,171,2,171,2,575
23,171,8,171,2,575
60,171,4,171,2,575
74,171,7,171,2,575
83,171,5,171,2,575
50,172,1,172,2,60
59,172,2,172,2,60
65,172,7,172,2,60
80,172,4,172,2,60
17,173,3,173,2,262
28,173,2,173,2,262
80,173,4,173,2,262
81,173,4,173,2,262
82,173,6,173,2,262
20,174,7,174,2,425
22,174,6,174,2,425
67,174,2,174,2,425
70,174,7,174,2,425
76,174,7,174,2,425
87,174,6,174,2,425
91,174,7,174,2,425
12,175,7,175,2,459
22,175,6,175,2,459
23,175,8,175,2,459
39,175,7,175,2,459
53,175,2,175,2,459
58,175,6,175,2,459
76,175,7,175,2,459
83,175,5,175,2,459
48,176,13,176,1,577
62,176,10,176,1,577
93,176,10,176,1,577
32,177,14,177,1,578
48,177,13,177,1,578
93,177,10,177,1,578
99,177,11,177,1,578
34,178,12,178,1,102
71,178,11,178,1,102
93,178,10,178,1,102
38,179,10,179,1,354
4,180,14,180,1,551
48,180,13,180,1,551
57,180,14,180,1,551
94,180,14,180,1,551
5,181,11,181,1,16
55,181,9,181,1,16
57,181,14,181,1,16
4,182,14,182,1,523
41,182,10,182,1,523
69,182,9,182,1,523
72,182,11,182,1,523
11,183,4,183,2,579
16,183,6,183,2,579
36,183,3,183,2,579
1,184,8,184,2,463
23,184,8,184,2,463
47,184,3,184,2,463
49,184,4,184,2,463
82,184,6,184,2,463
90,184,1,184,2,463
15,185,5,185,2,502
16,185,6,185,2,502
25,185,7,185,2,502
39,185,7,185,2,502
77,185,6,185,2,502
97,185,2,185,2,502
22,186,6,186,2,193
56,186,8,186,2,193
59,186,2,186,2,193
90,186,1,186,2,193
97,186,2,186,2,193
2,187,3,187,2,380
7,187,4,187,2,380
10,187,1,187,2,380
60,187,4,187,2,380
65,187,7,187,2,380
75,187,8,187,2,380
90,187,1,187,2,380
22,188,6,188,2,148
24,188,8,188,2,148
31,188,1,188,2,148
60,188,4,188,2,148
97,188,2,188,2,148
100,188,8,188,2,148
22,189,6,189,2,518
9,190,7,190,2,54
17,190,3,190,2,54
81,190,4,190,2,54
57,191,14,191,1,584
48,192,13,192,1,421
42,193,12,193,1,543
48,193,13,193,1,543
69,193,9,193,1,543
48,194,13,194,1,477
71,194,11,194,1,477
72,194,11,194,1,477
99,194,11,194,1,477
52,195,12,195,1,157
14,196,12,196,1,38
3,197,3,197,2,586
15,197,5,197,2,586
37,197,5,197,2,586
3,198,3,198,2,587
15,198,5,198,2,587
39,198,7,198,2,587
56,198,8,198,2,587
86,198,1,198,2,587
30,199,1,199,2,451
6,200,6,200,2,7
13,200,3,200,2,7
45,200,2,200,2,7
46,200,7,200,2,7
47,200,3,200,2,7
53,200,2,200,2,7
6,201,6,201,2,180
15,201,5,201,2,180
21,201,5,201,2,180
31,201,1,201,2,180
35,201,2,201,2,180
86,201,1,201,2,180
37,202,5,202,2,214
47,202,3,202,2,214
60,202,4,202,2,214
92,202,2,202,2,214
64,203,1,203,2,24
5,204,11,204,1,588
38,204,10,204,1,588
41,204,10,204,1,588
57,204,14,204,1,588
89,204,9,204,1,588
94,204,14,204,1,588
27,205,9,205,1,198
34,205,12,205,1,198
52,206,12,206,1,70
14,207,12,207,1,497
95,207,10,207,1,497
99,207,11,207,1,497
3,208,3,208,2,590
22,209,6,209,2,514
36,209,3,209,2,514
56,210,8,210,2,89
8,211,8,211,2,261
77,211,6,211,2,261
85,211,4,211,2,261
1,212,8,212,2,44
2,212,3,212,2,44
3,212,3,212,2,44
17,212,3,212,2,44
68,212,7,212,2,44
80,212,4,212,2,44
82,212,6,212,2,44
1,213,8,213,2,221
3,213,3,213,2,221
15,213,5,213,2,221
21,213,5,213,2,221
5,214,11,214,1,514
14,214,12,214,1,514
32,214,14,214,1,514
38,214,10,214,1,514
48,214,13,214,1,514
32,215,14,215,1,235
38,215,10,215,1,235
42,215,12,215,1,235
43,215,10,215,1,235
52,215,12,215,1,235
68,216,7,216,2,595
75,216,8,216,2,595
6,217,6,217,2,445
22,217,6,217,2,445
63,217,1,217,2,445
88,217,3,217,2,445
76,218,7,218,2,313
17,219,3,219,2,100
31,219,1,219,2,100
47,219,3,219,2,100
58,219,6,219,2,100
83,219,5,219,2,100
97,219,2,219,2,100
71,220,11,220,1,597
69,221,9,221,1,72
71,221,11,221,1,72
4,222,14,222,1,573
41,222,10,222,1,573
48,222,13,222,1,573
71,222,11,222,1,573
48,223,13,223,1,81
55,223,9,223,1,81
99,223,11,223,1,81
4,224,14,224,1,93
7,225,4,225,2,598
21,225,5,225,2,598
23,225,8,225,2,598
45,225,2,225,2,598
58,225,6,225,2,598
78,225,8,225,2,598
83,225,5,225,2,598
49,226,4,226,2,2
4,227,14,227,1,602
48,227,13,227,1,602
89,227,9,227,1,602
99,227,11,227,1,602
4,228,14,228,1,210
27,228,9,228,1,210
89,228,9,228,1,210
93,228,10,228,1,210
5,229,11,229,1,591
32,229,14,229,1,591
42,229,12,229,1,591
71,229,11,229,1,591
94,229,14,229,1,591
4,230,14,230,1,461
41,230,10,230,1,461
48,230,13,230,1,461
72,230,11,230,1,461
62,231,10,231,1,111
71,231,11,231,1,111
34,232,12,232,1,215
41,232,10,232,1,215
27,233,9,233,1,327
32,233,14,233,1,327
34,233,12,233,1,327
57,233,14,233,1,327
17,234,3,234,2,606
19,234,2,234,2,606
31,234,1,234,2,606
40,234,7,234,2,606
49,234,4,234,2,606
82,234,6,234,2,606
21,235,5,235,2,580
36,235,3,235,2,580
53,235,2,235,2,580
83,235,5,235,2,580
11,236,4,236,2,102
15,236,5,236,2,102
21,236,5,236,2,102
37,236,5,236,2,102
76,236,7,236,2,102
87,236,6,236,2,102
3,237,3,237,2,207
42,238,12,238,1,607
52,239,12,239,1,580
48,240,13,240,1,226
52,240,12,240,1,226
62,240,10,240,1,226
72,240,11,240,1,226
89,240,9,240,1,226
32,241,14,241,1,594
43,241,10,241,1,594
93,241,10,241,1,594
99,241,11,241,1,594
13,242,3,242,2,548
30,242,1,242,2,548
37,242,5,242,2,548
75,242,8,242,2,548
3,243,3,243,2,491
21,243,5,243,2,491
22,243,6,243,2,491
36,243,3,243,2,491
22,244,6,244,2,300
23,244,8,244,2,300
36,244,3,244,2,300
45,244,2,244,2,300
47,244,3,244,2,300
85,244,4,244,2,300
32,245,14,245,1,16
32,246,14,246,1,166
48,246,13,246,1,166
62,246,10,246,1,166
71,246,11,246,1,166
94,246,14,246,1,166
48,247,13,247,1,370
71,247,11,247,1,370
72,247,11,247,1,370
99,247,11,247,1,370
5,248,11,248,1,553
48,248,13,248,1,553
72,248,11,248,1,553
89,248,9,248,1,553
27,249,9,249,1,169
62,249,10,249,1,169
79,249,12,249,1,169
37,250,5,250,2,251
78,250,8,250,2,251
81,250,4,250,2,251
29,251,1,251,2,584
30,251,1,251,2,584
49,251,4,251,2,584
54,251,7,251,2,584
80,251,4,251,2,584
83,251,5,251,2,584
84,251,8,251,2,584
1,252,8,252,2,560
68,252,7,252,2,560
74,252,7,252,2,560
27,253,9,253,1,322
42,253,12,253,1,322
62,253,10,253,1,322
14,254,12,254,1,120
43,254,10,254,1,120
48,254,13,254,1,120
62,254,10,254,1,120
79,254,12,254,1,120
38,255,10,255,1,324
57,255,14,255,1,324
73,255,12,255,1,324
89,255,9,255,1,324
93,255,10,255,1,324
94,255,14,255,1,324
4,256,14,256,1,61
71,256,11,256,1,61
99,256,11,256,1,61
5,257,11,257,1,19
52,257,12,257,1,19
69,257,9,257,1,19
71,257,11,257,1,19
89,257,9,257,1,19
99,257,11,257,1,19
3,258,3,258,2,248
6,258,6,258,2,248
10,258,1,258,2,248
31,258,1,258,2,248
63,258,1,258,2,248
82,258,6,258,2,248
88,258,3,258,2,248
90,258,1,258,2,248
27,259,9,259,1,268
32,259,14,259,1,268
48,259,13,259,1,268
79,259,12,259,1,268
42,260,12,260,1,81
48,260,13,260,1,81
55,260,9,260,1,81
89,260,9,260,1,81
94,260,14,260,1,81
55,261,9,261,1,216
73,261,12,261,1,216
48,262,13,262,1,482
55,262,9,262,1,482
62,262,10,262,1,482
93,262,10,262,1,482
17,263,3,263,2,619
22,263,6,263,2,619
66,263,1,263,2,619
67,263,2,263,2,619
16,264,6,264,2,603
28,264,2,264,2,603
92,264,2,264,2,603
13,265,3,265,2,465
33,265,4,265,2,465
37,265,5,265,2,465
51,265,1,265,2,465
59,265,2,265,2,465
65,265,7,265,2,465
66,265,1,265,2,465
98,266,4,266,2,87
48,267,13,267,1,622
57,267,14,267,1,622
62,267,10,267,1,622
94,267,14,267,1,622
4,268,14,268,1,178
5,268,11,268,1,178
48,268,13,268,1,178
89,268,9,268,1,178
95,269,10,269,1,354
14,270,12,270,1,592
32,270,14,270,1,592
43,270,10,270,1,592
93,270,10,270,1,592
48,271,13,271,1,524
67,272,2,272,2,376
98,272,4,272,2,376
18,273,2,273,2,176
78,273,8,273,2,176
30,274,1,274,2,362
33,274,4,274,2,362
47,274,3,274,2,362
86,274,1,274,2,362
48,275,13,275,1,626
32,276,14,276,1,341
52,276,12,276,1,341
69,276,9,276,1,341
73,276,12,276,1,341
27,277,9,277,1,264
48,277,13,277,1,264
57,277,14,277,1,264
89,277,9,277,1,264
95,277,10,277,1,264
1,278,8,278,2,628
13,278,3,278,2,628
36,278,3,278,2,628
39,278,7,278,2,628
45,278,2,278,2,628
54,278,7,278,2,628
67,278,2,278,2,628
83,279,5,279,2,177
10,280,1,280,2,385
45,280,2,280,2,385
98,280,4,280,2,385
12,281,7,281,2,119
37,281,5,281,2,119
51,281,1,281,2,119
53,281,2,281,2,119
37,282,5,282,2,34
49,282,4,282,2,34
54,282,7,282,2,34
5,283,11,283,1,630
42,283,12,283,1,630
48,283,13,283,1,630
72,283,11,283,1,630
94,283,14,283,1,630
52,284,12,284,1,532
30,285,1,285,2,632
47,285,3,285,2,632
53,285,2,285,2,632
54,285,7,285,2,632
82,285,6,285,2,632
84,285,8,285,2,632
8,286,8,286,2,10
9,286,7,286,2,10
92,286,2,286,2,10
3,287,3,287,2,397
60,287,4,287,2,397
75,287,8,287,2,397
76,287,7,287,2,397
24,288,8,288,2,23
16,289,6,289,2,193
18,289,2,289,2,193
74,289,7,289,2,193
87,289,6,289,2,193
2,290,3,290,2,269
19,290,2,290,2,269
47,290,3,290,2,269
68,290,7,290,2,269
88,290,3,290,2,269
96,290,6,290,2,269
2,291,3,291,2,573
39,291,7,291,2,573
58,292,6,292,2,603
83,292,5,292,2,603
92,292,2,292,2,603
41,294,10,293,1,249
48,294,13,293,1,249
71,294,11,293,1,249
94,294,14,293,1,249
4,295,14,294,1,59
34,295,12,294,1,59
48,295,13,294,1,59
79,295,12,294,1,59
93,295,10,294,1,59
15,296,5,295,2,126
49,296,4,295,2,126
38,297,10,296,1,564
38,298,10,297,1,593
48,298,13,297,1,593
55,298,9,297,1,593
57,298,14,297,1,593
32,299,14,298,1,508
48,299,13,298,1,508
55,299,9,298,1,508
69,299,9,298,1,508
72,300,11,299,1,467
11,301,4,300,2,649
2,302,3,301,2,196
15,302,5,301,2,196
78,302,8,301,2,196
88,302,3,301,2,196
35,303,2,302,2,537
18,304,2,303,2,474
35,304,2,303,2,474
59,304,2,303,2,474
2,305,3,304,2,578
18,305,2,304,2,578
56,305,8,304,2,578
58,305,6,304,2,578
86,305,1,304,2,578
79,306,12,305,1,650
21,307,5,306,2,653
22,307,6,306,2,653
36,307,3,306,2,653
50,307,1,306,2,653
83,308,5,307,2,299
25,309,7,308,2,158
29,309,1,308,2,158
53,309,2,308,2,158
84,309,8,308,2,158
47,310,3,309,2,322
9,311,7,310,2,94
90,311,1,310,2,94
37,312,5,311,2,102
3,313,3,312,2,57
15,314,5,313,2,115
48,315,13,314,1,174
69,315,9,314,1,174
72,315,11,314,1,174
73,315,12,314,1,174
79,315,12,314,1,174
5,316,11,315,1,592
55,316,9,315,1,592
95,316,10,315,1,592
5,317,11,316,1,148
55,317,9,316,1,148
62,317,10,316,1,148
69,317,9,316,1,148
93,317,10,316,1,148
34,318,12,317,1,575
95,318,10,317,1,575
6,319,6,318,2,657
16,319,6,318,2,657
18,319,2,318,2,657
54,319,7,318,2,657
56,319,8,318,2,657
10,320,1,319,2,471
28,320,2,319,2,471
37,320,5,319,2,471
47,320,3,319,2,471
98,320,4,319,2,471
9,321,7,320,2,446
19,321,2,320,2,446
54,321,7,320,2,446
8,322,8,321,2,124
65,322,7,321,2,124
1,323,8,322,2,360
12,323,7,322,2,360
13,323,3,322,2,360
21,323,5,322,2,360
37,323,5,322,2,360
58,323,6,322,2,360
68,323,7,322,2,360
96,323,6,322,2,360
13,324,3,323,2,510
15,324,5,323,2,510
45,324,2,323,2,510
70,324,7,323,2,510
87,324,6,323,2,510
5,325,11,324,1,342
34,325,12,324,1,342
48,325,13,324,1,342
55,325,9,324,1,342
95,325,10,324,1,342
32,326,14,325,1,591
48,326,13,325,1,591
55,326,9,325,1,591
69,326,9,325,1,591
79,326,12,325,1,591
48,327,13,326,1,107
94,327,14,326,1,107
95,327,10,326,1,107
48,328,13,327,1,59
89,328,9,327,1,59
93,328,10,327,1,59
94,328,14,327,1,59
55,329,9,328,1,457
94,329,14,328,1,457
21,330,5,329,2,145
45,330,2,329,2,145
59,330,2,329,2,145
67,330,2,329,2,145
81,330,4,329,2,145
97,330,2,329,2,145
98,330,4,329,2,145
9,331,7,330,2,178
18,331,2,330,2,178
33,331,4,330,2,178
37,331,5,330,2,178
44,331,4,330,2,178
71,332,11,331,1,662
38,333,10,332,1,655
4,334,14,333,1,43
34,334,12,333,1,43
38,334,10,333,1,43
52,334,12,333,1,43
72,334,11,333,1,43
57,335,14,334,1,16
99,335,11,334,1,16
4,336,14,335,1,54
5,336,11,335,1,54
34,336,12,335,1,54
41,336,10,335,1,54
42,336,12,335,1,54
79,336,12,335,1,54
27,337,9,336,1,292
41,337,10,336,1,292
48,337,13,336,1,292
69,337,9,336,1,292
21,338,5,337,2,666
58,338,6,337,2,666
87,338,6,337,2,666
74,339,7,338,2,529
98,339,4,338,2,529
55,340,9,339,1,669
4,341,14,340,1,670
34,342,12,341,1,98
38,342,10,341,1,98
48,342,13,341,1,98
71,342,11,341,1,98
89,342,9,341,1,98
5,343,11,342,1,40
42,343,12,342,1,40
52,343,12,342,1,40
71,343,11,342,1,40
79,343,12,342,1,40
94,343,14,342,1,40
4,344,14,343,1,367
27,344,9,343,1,367
48,344,13,343,1,367
52,344,12,343,1,367
42,345,12,344,1,562
48,345,13,344,1,562
55,345,9,344,1,562
62,345,10,344,1,562
27,346,9,345,1,576
48,346,13,345,1,576
55,346,9,345,1,576
93,346,10,345,1,576
43,347,10,346,1,589
72,347,11,346,1,589
89,347,9,346,1,589
48,348,13,347,1,392
55,348,9,347,1,392
62,348,10,347,1,392
89,348,9,347,1,392
12,349,7,348,2,671
35,349,2,348,2,671
53,349,2,348,2,671
65,349,7,348,2,671
66,349,1,348,2,671
81,349,4,348,2,671
82,349,6,348,2,671
7,350,4,349,2,672
12,350,7,349,2,672
15,350,5,349,2,672
17,350,3,349,2,672
19,350,2,349,2,672
33,350,4,349,2,672
83,350,5,349,2,672
15,351,5,350,2,205
20,351,7,350,2,205
28,351,2,350,2,205
63,351,1,350,2,205
75,351,8,350,2,205
76,351,7,350,2,205
98,351,4,350,2,205
2,352,3,351,2,498
18,352,2,351,2,498
29,352,1,351,2,498
54,352,7,351,2,498
29,353,1,352,2,70
77,353,6,352,2,70
5,354,11,353,1,674
48,354,13,353,1,674
89,354,9,353,1,674
48,355,13,354,1,390
57,355,14,354,1,390
43,356,10,355,1,468
43,357,10,356,1,197
55,357,9,356,1,197
93,357,10,356,1,197
94,357,14,356,1,197
57,358,14,357,1,198
79,358,12,357,1,198
95,358,10,357,1,198
43,359,10,358,1,279
48,359,13,358,1,279
43,360,10,359,1,493
89,360,9,359,1,493
94,360,14,359,1,493
99,360,11,359,1,493
18,361,2,360,2,678
37,361,5,360,2,678
46,361,7,360,2,678
61,361,8,360,2,678
88,361,3,360,2,678
96,361,6,360,2,678
23,362,8,361,2,679
1,363,8,362,2,63
2,363,3,362,2,63
33,363,4,362,2,63
37,363,5,362,2,63
53,363,2,362,2,63
80,363,4,362,2,63
86,363,1,362,2,63
87,363,6,362,2,63
6,364,6,363,2,122
17,364,3,363,2,122
45,364,2,363,2,122
51,364,1,363,2,122
66,364,1,363,2,122
67,364,2,363,2,122
75,364,8,363,2,122
98,364,4,363,2,122
24,365,8,364,2,101
36,365,3,364,2,101
70,365,7,364,2,101
83,365,5,364,2,101
41,366,10,365,1,681
48,366,13,365,1,681
55,366,9,365,1,681
79,366,12,365,1,681
94,366,14,365,1,681
48,367,13,366,1,683
52,367,12,366,1,683
32,368,14,367,1,566
69,368,9,367,1,566
71,368,11,367,1,566
79,368,12,367,1,566
94,368,14,367,1,566
95,368,10,367,1,566
4,369,14,368,1,87
48,369,13,368,1,87
32,370,14,369,1,150
41,370,10,369,1,150
48,370,13,369,1,150
32,371,14,370,1,161
38,371,10,370,1,161
69,371,9,370,1,161
72,371,11,370,1,161
73,371,12,370,1,161
79,371,12,370,1,161
48,372,13,371,1,303
89,372,9,371,1,303
2,373,3,372,2,686
31,373,1,372,2,686
40,373,7,372,2,686
1,374,8,373,2,196
13,374,3,373,2,196
26,374,6,373,2,196
31,374,1,373,2,196
56,374,8,373,2,196
68,374,7,373,2,196
83,374,5,373,2,196
100,374,8,373,2,196
35,375,2,374,2,221
58,375,6,374,2,221
92,375,2,374,2,221
21,376,5,375,2,635
28,376,2,375,2,635
33,376,4,375,2,635
46,376,7,375,2,635
47,376,3,375,2,635
51,376,1,375,2,635
61,376,8,375,2,635
88,376,3,375,2,635
2,377,3,376,2,559
16,377,6,376,2,559
91,377,7,376,2,559
1,378,8,377,2,620
9,378,7,377,2,620
50,378,1,377,2,620
61,378,8,377,2,620
83,378,5,377,2,620
87,378,6,377,2,620
97,378,2,377,2,620
13,379,3,378,2,358
96,379,6,378,2,358
1,380,8,379,2,455
13,380,3,379,2,455
22,380,6,379,2,455
59,380,2,379,2,455
74,380,7,379,2,455
90,380,1,379,2,455
100,380,8,379,2,455
5,381,11,380,1,687
57,381,14,380,1,687
94,381,14,380,1,687
99,381,11,380,1,687
14,382,12,381,1,574
69,382,9,381,1,574
73,382,12,381,1,574
93,382,10,381,1,574
4,383,14,382,1,121
42,383,12,382,1,121
48,383,13,382,1,121
99,383,11,382,1,121
94,384,14,383,1,533
95,384,10,383,1,533
21,385,5,384,2,689
31,385,1,384,2,689
36,385,3,384,2,689
58,385,6,384,2,689
65,385,7,384,2,689
75,385,8,384,2,689
96,385,6,384,2,689
1,386,8,385,2,199
12,386,7,385,2,199
21,386,5,385,2,199
51,386,1,385,2,199
91,386,7,385,2,199
11,387,4,386,2,457
26,387,6,386,2,457
37,387,5,386,2,457
56,387,8,386,2,457
58,387,6,386,2,457
74,387,7,386,2,457
85,387,4,386,2,457
97,387,2,386,2,457
32,388,14,387,1,690
57,388,14,387,1,690
95,388,10,387,1,690
27,389,9,388,1,168
48,389,13,388,1,168
43,390,10,389,1,224
71,390,11,389,1,224
26,391,6,390,2,479
85,391,4,390,2,479
8,392,8,391,2,281
28,392,2,391,2,281
37,392,5,391,2,281
92,392,2,391,2,281
2,393,3,392,2,337
13,393,3,392,2,337
17,393,3,392,2,337
19,393,2,392,2,337
26,393,6,392,2,337
82,393,6,392,2,337
96,393,6,392,2,337
42,394,12,393,1,697
89,394,9,393,1,697
38,395,10,394,1,445
48,395,13,394,1,445
99,395,11,394,1,445
32,396,14,395,1,375
48,396,13,395,1,375
32,397,14,396,1,426
48,397,13,396,1,426
52,397,12,396,1,426
73,397,12,396,1,426
79,397,12,396,1,426
99,397,11,396,1,426
7,398,4,397,2,698
15,398,5,397,2,698
21,398,5,397,2,698
33,398,4,397,2,698
70,398,7,397,2,698
88,398,3,397,2,698
88,399,3,398,2,699
10,400,1,399,2,366
18,400,2,399,2,366
67,400,2,399,2,366
50,401,1,400,2,317
23,402,8,401,2,365
50,402,1,401,2,365
83,402,5,401,2,365
88,402,3,401,2,365
32,403,14,402,1,700
93,403,10,402,1,700
94,403,14,402,1,700
99,403,11,402,1,700
27,404,9,403,1,701
43,404,10,403,1,701
48,404,13,403,1,701
72,404,11,403,1,701
34,405,12,404,1,501
55,405,9,404,1,501
72,405,11,404,1,501
48,406,13,405,1,56
4,407,14,406,1,467
34,407,12,406,1,467
38,407,10,406,1,467
57,407,14,406,1,467
62,407,10,406,1,467
48,408,13,407,1,705
42,409,12,408,1,706
73,409,12,408,1,706
32,410,14,409,1,340
52,410,12,409,1,340
99,410,11,409,1,340
27,411,9,410,1,56
41,411,10,410,1,56
99,411,11,410,1,56
48,412,13,411,1,614
32,413,14,412,1,703
69,413,9,412,1,703
3,414,3,413,2,572
35,414,2,413,2,572
96,414,6,413,2,572
87,415,6,414,2,24
86,416,1,415,2,593
39,417,7,416,2,230
69,418,9,417,1,710
48,419,13,418,1,627
55,419,9,418,1,627
95,419,10,418,1,627
4,420,14,419,1,322
32,420,14,419,1,322
72,420,11,419,1,322
79,420,12,419,1,322
93,420,10,419,1,322
48,421,13,420,1,259
71,421,11,420,1,259
92,422,2,421,2,53
15,423,5,422,2,677
51,423,1,422,2,677
61,423,8,422,2,677
68,423,7,422,2,677
75,423,8,422,2,677
83,423,5,422,2,677
87,423,6,422,2,677
48,424,13,423,1,713
94,424,14,423,1,713
99,424,11,423,1,713
62,425,10,424,1,641
72,425,11,424,1,641
27,426,9,425,1,218
42,426,12,425,1,218
5,427,11,426,1,414
48,427,13,426,1,414
55,427,9,426,1,414
99,427,11,426,1,414
4,428,14,427,1,423
27,428,9,427,1,423
71,428,11,427,1,423
99,428,11,427,1,423
69,429,9,428,1,431
12,430,7,429,2,121
18,430,2,429,2,121
21,430,5,429,2,121
30,430,1,429,2,121
33,430,4,429,2,121
35,430,2,429,2,121
60,430,4,429,2,121
57,431,14,430,1,116
94,431,14,430,1,116
34,432,12,431,1,105
48,432,13,431,1,105
55,432,9,431,1,105
79,432,12,431,1,105
43,433,10,432,1,262
48,433,13,432,1,262
94,433,14,432,1,262
3,434,3,433,2,718
15,434,5,433,2,718
18,434,2,433,2,718
74,434,7,433,2,718
23,435,8,434,2,18
100,435,8,434,2,18
4,436,14,435,1,721
69,436,9,435,1,721
32,437,14,436,1,380
34,437,12,436,1,380
62,437,10,436,1,380
69,437,9,436,1,380
73,437,12,436,1,380
94,437,14,436,1,380
48,438,13,437,1,423
52,438,12,437,1,423
72,438,11,437,1,423
94,439,14,438,1,157
27,440,9,439,1,613
48,440,13,439,1,613
55,440,9,439,1,613
57,440,14,439,1,613
71,440,11,439,1,613
52,441,12,440,1,494
57,441,14,440,1,494
42,442,12,441,1,470
6,443,6,442,2,723
37,443,5,442,2,723
45,443,2,442,2,723
53,443,2,442,2,723
24,444,8,443,2,724
45,444,2,443,2,724
50,444,1,443,2,724
74,444,7,443,2,724
97,444,2,443,2,724
28,445,2,444,2,695
40,445,7,444,2,695
47,445,3,444,2,695
53,445,2,444,2,695
80,445,4,444,2,695
48,446,13,445,1,725
73,446,12,445,1,725
27,447,9,446,1,711
48,448,13,447,1,719
1,449,8,448,2,727
3,449,3,448,2,727
18,449,2,448,2,727
49,449,4,448,2,727
51,449,1,448,2,727
60,449,4,448,2,727
63,449,1,448,2,727
68,449,7,448,2,727
20,450,7,449,2,174
22,450,6,449,2,174
40,450,7,449,2,174
44,450,4,449,2,174
50,450,1,449,2,174
83,450,5,449,2,174
97,450,2,449,2,174
88,451,3,450,2,230
11,452,4,451,2,65
17,452,3,451,2,65
20,452,7,451,2,65
24,452,8,451,2,65
35,452,2,451,2,65
40,452,7,451,2,65
16,453,6,452,2,139
25,453,7,452,2,139
35,453,2,452,2,139
44,453,4,452,2,139
53,453,2,452,2,139
60,453,4,452,2,139
31,454,1,453,2,414
78,454,8,453,2,414
87,454,6,453,2,414
48,455,13,454,1,264
57,455,14,454,1,264
71,455,11,454,1,264
93,455,10,454,1,264
32,456,14,455,1,628
42,456,12,455,1,628
94,456,14,455,1,628
48,457,13,456,1,369
71,457,11,456,1,369
99,457,11,456,1,369
5,458,11,457,1,118
14,458,12,457,1,118
48,458,13,457,1,118
93,458,10,457,1,118
37,459,5,458,2,731
70,459,7,458,2,731
66,460,1,459,2,551
82,460,6,459,2,551
91,460,7,459,2,551
51,461,1,460,2,59
53,461,2,460,2,59
87,461,6,460,2,59
36,462,3,461,2,633
14,463,12,462,1,735
38,463,10,462,1,735
43,463,10,462,1,735
48,463,13,462,1,735
93,463,10,462,1,735
27,464,9,463,1,595
43,464,10,463,1,595
48,464,13,463,1,595
69,464,9,463,1,595
5,465,11,464,1,496
48,465,13,464,1,496
94,465,14,464,1,496
99,465,11,464,1,496
14,466,12,465,1,417
55,466,9,465,1,417
21,467,5,466,2,737
30,467,1,466,2,737
97,467,2,466,2,737
80,468,4,467,2,738
7,469,4,468,2,741
26,469,6,468,2,741
54,469,7,468,2,741
56,469,8,468,2,741
67,469,2,468,2,741
76,469,7,468,2,741
87,469,6,468,2,741
15,470,5,469,2,678
23,470,8,469,2,678
36,470,3,469,2,678
46,470,7,469,2,678
76,470,7,469,2,678
97,470,2,469,2,678
88,471,3,470,2,637
18,472,2,471,2,80
31,472,1,471,2,80
68,472,7,471,2,80
80,472,4,471,2,80
9,473,7,472,2,513
19,473,2,472,2,513
58,473,6,472,2,513
83,473,5,472,2,513
17,474,3,473,2,176
45,474,2,473,2,176
15,475,5,474,2,206
33,475,4,474,2,206
54,475,7,474,2,206
70,475,7,474,2,206
77,475,6,474,2,206
33,476,4,475,2,395
61,476,8,475,2,395
10,477,1,476,2,604
53,477,2,476,2,604
5,478,11,477,1,742
79,478,12,477,1,742
95,478,10,477,1,742
38,479,10,478,1,75
69,479,9,478,1,75
89,479,9,478,1,75
4,480,14,479,1,287
34,480,12,479,1,287
55,480,9,479,1,287
71,480,11,479,1,287
5,481,11,480,1,430
34,481,12,480,1,430
42,481,12,480,1,430
48,481,13,480,1,430
55,482,9,481,1,588
89,482,9,481,1,588
34,483,12,482,1,316
48,483,13,482,1,316
69,483,9,482,1,316
48,484,13,483,1,375
57,484,14,483,1,375
41,485,10,484,1,723
42,485,12,484,1,723
69,485,9,484,1,723
89,485,9,484,1,723
7,486,4,485,2,746
39,486,7,485,2,746
53,486,2,485,2,746
58,486,6,485,2,746
22,487,6,486,2,31
44,487,4,486,2,31
58,487,6,486,2,31
60,487,4,486,2,31
66,487,1,486,2,31
86,487,1,486,2,31
100,487,8,486,2,31
1,488,8,487,2,385
2,488,3,487,2,385
35,488,2,487,2,385
44,488,4,487,2,385
45,488,2,487,2,385
75,488,8,487,2,385
97,488,2,487,2,385
24,489,8,488,2,570
31,489,1,488,2,570
36,489,3,488,2,570
37,489,5,488,2,570
46,489,7,488,2,570
77,489,6,488,2,570
100,489,8,488,2,570
22,490,6,489,2,573
28,490,2,489,2,573
31,490,1,489,2,573
68,490,7,489,2,573
83,490,5,489,2,573
87,490,6,489,2,573
90,490,1,489,2,573
3,491,3,490,2,591
13,491,3,490,2,591
3,492,3,491,2,504
12,492,7,491,2,504
22,492,6,491,2,504
40,492,7,491,2,504
81,492,4,491,2,504
88,492,3,491,2,504
48,493,13,492,1,747
71,493,11,492,1,747
73,493,12,492,1,747
14,494,12,493,1,576
48,494,13,493,1,576
62,494,10,493,1,576
73,494,12,493,1,576
94,494,14,493,1,576
7,495,4,494,2,748
15,495,5,494,2,748
19,495,2,494,2,748
77,495,6,494,2,748
98,495,4,494,2,748
13,496,3,495,2,749
15,496,5,495,2,749
80,496,4,495,2,749
7,497,4,496,2,750
17,497,3,496,2,750
11,498,4,497,2,480
45,498,2,497,2,480
47,498,3,497,2,480
83,498,5,497,2,480
84,498,8,497,2,480
8,499,8,498,2,450
45,499,2,498,2,450
47,499,3,498,2,450
100,499,8,498,2,450
25,500,7,499,2,99
99,501,11,500,1,751
4,502,14,501,1,563
48,502,13,501,1,563
55,502,9,501,1,563
72,502,11,501,1,563
62,503,10,502,1,665
79,503,12,502,1,665
34,504,12,503,1,711
41,504,10,503,1,711
48,504,13,503,1,711
52,504,12,503,1,711
94,504,14,503,1,711
24,505,8,504,2,713
25,505,7,504,2,713
35,505,2,504,2,713
56,505,8,504,2,713
65,505,7,504,2,713
70,505,7,504,2,713
38,506,10,505,1,435
52,506,12,505,1,435
72,506,11,505,1,435
73,506,12,505,1,435
99,506,11,505,1,435
48,507,13,506,1,91
57,507,14,506,1,91
69,507,9,506,1,91
94,507,14,506,1,91
5,508,11,507,1,329
14,508,12,507,1,329
41,509,10,508,1,711
71,509,11,508,1,711
79,510,12,509,1,438
94,510,14,509,1,438
1,511,8,510,2,535
10,511,1,510,2,535
68,511,7,510,2,535
38,512,10,511,1,756
48,512,13,511,1,756
57,512,14,511,1,756
89,512,9,511,1,756
13,513,3,512,2,760
15,513,5,512,2,760
20,513,7,512,2,760
21,513,5,512,2,760
58,513,6,512,2,760
61,513,8,512,2,760
67,513,2,512,2,760
87,513,6,512,2,760
100,514,8,513,2,479
2,515,3,514,2,636
35,515,2,514,2,636
97,515,2,514,2,636
67,516,2,515,2,546
37,517,5,516,2,311
1,518,8,517,2,561
35,518,2,517,2,561
44,518,4,517,2,561
4,519,14,518,1,762
27,519,9,518,1,762
38,519,10,518,1,762
48,519,13,518,1,762
69,519,9,518,1,762
72,519,11,518,1,762
2,520,3,519,2,764
10,520,1,519,2,764
46,520,7,519,2,764
51,520,1,519,2,764
82,520,6,519,2,764
86,520,1,519,2,764
90,520,1,519,2,764
3,521,3,520,2,765
13,521,3,520,2,765
15,521,5,520,2,765
40,521,7,520,2,765
64,521,1,520,2,765
15,522,5,521,2,639
21,522,5,521,2,639
23,522,8,521,2,639
40,522,7,521,2,639
88,522,3,521,2,639
8,523,8,522,2,403
9,523,7,522,2,403
15,523,5,522,2,403
44,523,4,522,2,403
77,523,6,522,2,403
98,523,4,522,2,403
8,524,8,523,2,42
11,524,4,523,2,42
15,524,5,523,2,42
30,524,1,523,2,42
37,524,5,523,2,42
63,524,1,523,2,42
83,524,5,523,2,42
88,524,3,523,2,42
48,525,13,524,1,766
72,525,11,524,1,766
99,525,11,524,1,766
4,526,14,525,1,757
48,526,13,525,1,757
55,526,9,525,1,757
99,526,11,525,1,757
34,527,12,526,1,458
14,528,12,527,1,302
48,528,13,527,1,302
69,528,9,527,1,302
72,528,11,527,1,302
4,529,14,528,1,189
19,530,2,529,2,656
35,530,2,529,2,656
36,530,3,529,2,656
47,530,3,529,2,656
50,530,1,529,2,656
56,530,8,529,2,656
1,531,8,530,2,746
37,531,5,530,2,746
59,532,2,531,2,513
85,532,4,531,2,513
87,532,6,531,2,513
88,532,3,531,2,513
1,533,8,532,2,295
7,533,4,532,2,295
56,533,8,532,2,295
81,533,4,532,2,295
48,534,13,533,1,178
34,535,12,534,1,618
48,535,13,534,1,618
71,535,11,534,1,618
1,536,8,535,2,232
3,536,3,535,2,232
13,536,3,535,2,232
21,536,5,535,2,232
25,536,7,535,2,232
37,536,5,535,2,232
51,536,1,535,2,232
9,537,7,536,2,418
10,537,1,536,2,418
23,537,8,536,2,418
28,537,2,536,2,418
50,537,1,536,2,418
66,537,1,536,2,418
86,537,1,536,2,418
23,538,8,537,2,423
29,538,1,537,2,423
44,538,4,537,2,423
63,538,1,537,2,423
64,538,1,537,2,423
66,538,1,537,2,423
3,539,3,538,2,350
22,539,6,538,2,350
25,539,7,538,2,350
53,539,2,538,2,350
83,539,5,538,2,350
5,540,11,539,1,774
27,540,9,539,1,774
34,540,12,539,1,774
99,540,11,539,1,774
34,541,12,540,1,605
41,541,10,540,1,605
42,541,12,540,1,605
94,541,14,540,1,605
95,541,10,540,1,605
38,542,10,541,1,597
42,543,12,542,1,576
43,543,10,542,1,576
73,543,12,542,1,576
94,543,14,542,1,576
14,544,12,543,1,336
55,544,9,543,1,336
1,545,8,544,2,754
22,545,6,544,2,754
37,545,5,544,2,754
56,545,8,544,2,754
85,545,4,544,2,754
88,545,3,544,2,754
97,545,2,544,2,754
36,546,3,545,2,130
37,546,5,545,2,130
54,546,7,545,2,130
84,546,8,545,2,130
97,546,2,545,2,130
14,547,12,546,1,779
48,547,13,546,1,779
93,547,10,546,1,779
99,547,11,546,1,779
27,548,9,547,1,460
41,548,10,547,1,460
48,548,13,547,1,460
52,548,12,547,1,460
4,549,14,548,1,325
32,549,14,548,1,325
55,549,9,548,1,325
62,549,10,548,1,325
69,549,9,548,1,325
32,550,14,549,1,288
67,551,2,550,2,781
11,552,4,551,2,782
25,552,7,551,2,782
45,552,2,551,2,782
59,552,2,551,2,782
63,552,1,551,2,782
70,552,7,551,2,782
83,552,5,551,2,782
7,553,4,552,2,509
8,553,8,552,2,509
9,553,7,552,2,509
26,553,6,552,2,509
30,553,1,552,2,509
36,553,3,552,2,509
45,553,2,552,2,509
41,554,10,553,1,783
43,554,10,553,1,783
89,554,9,553,1,783
48,555,13,554,1,7
69,555,9,554,1,7
99,555,11,554,1,7
48,556,13,555,1,586
55,557,9,556,1,242
69,557,9,556,1,242
71,557,11,556,1,242
73,557,12,556,1,242
89,557,9,556,1,242
93,557,10,556,1,242
42,558,12,557,1,635
48,558,13,557,1,635
72,558,11,557,1,635
32,559,14,558,1,325
34,559,12,558,1,325
48,559,13,558,1,325
52,559,12,558,1,325
71,559,11,558,1,325
89,559,9,558,1,325
16,560,6,559,2,344
66,560,1,559,2,344
48,561,13,560,1,790
55,561,9,560,1,790
41,562,10,561,1,658
48,562,13,561,1,658
99,562,11,561,1,658
4,563,14,562,1,97
48,563,13,562,1,97
55,563,9,562,1,97
79,563,12,562,1,97
99,563,11,562,1,97
8,564,8,563,2,791
21,564,5,563,2,791
26,564,6,563,2,791
37,564,5,563,2,791
47,564,3,563,2,791
51,564,1,563,2,791
66,564,1,563,2,791
50,565,1,564,2,792
83,565,5,564,2,792
47,566,3,565,2,793
63,566,1,565,2,793
87,566,6,565,2,793
11,567,4,566,2,419
15,567,5,566,2,419
45,567,2,566,2,419
56,567,8,566,2,419
97,567,2,566,2,419
18,568,2,567,2,432
68,568,7,567,2,432
19,569,2,568,2,506
21,570,5,569,2,197
31,570,1,569,2,197
39,570,7,569,2,197
53,570,2,569,2,197
90,570,1,569,2,197
96,570,6,569,2,197
32,571,14,570,1,796
41,571,10,570,1,796
48,571,13,570,1,796
71,571,11,570,1,796
89,571,9,570,1,796
93,571,10,570,1,796
32,572,14,571,1,104
43,572,10,571,1,104
48,572,13,571,1,104
72,572,11,571,1,104
99,572,11,571,1,104
32,573,14,572,1,342
38,573,10,572,1,342
15,574,5,573,2,797
21,574,5,573,2,797
22,574,6,573,2,797
54,574,7,573,2,797
63,574,1,573,2,797
84,574,8,573,2,797
16,575,6,574,2,798
17,575,3,574,2,798
23,575,8,574,2,798
81,575,4,574,2,798
88,575,3,574,2,798
30,576,1,575,2,335
25,577,7,576,2,758
17,578,3,577,2,470
47,578,3,577,2,470
56,578,8,577,2,470
60,578,4,577,2,470
74,578,7,577,2,470
83,578,5,577,2,470
92,578,2,577,2,470
16,579,6,578,2,202
36,579,3,578,2,202
46,579,7,578,2,202
60,579,4,578,2,202
82,579,6,578,2,202
97,579,2,578,2,202
43,580,10,579,1,801
52,580,12,579,1,801
55,580,9,579,1,801
79,580,12,579,1,801
95,580,10,579,1,801
99,580,11,579,1,801
5,581,11,580,1,499
52,581,12,580,1,499
73,581,12,580,1,499
38,582,10,581,1,48
42,582,12,581,1,48
43,582,10,581,1,48
48,582,13,581,1,48
48,583,13,582,1,784
55,583,9,582,1,784
71,583,11,582,1,784
48,584,13,583,1,788
55,584,9,583,1,788
62,584,10,583,1,788
71,584,11,583,1,788
28,585,2,584,2,495
70,585,7,584,2,495
81,585,4,584,2,495
96,585,6,584,2,495
48,586,13,585,1,804
41,587,10,586,1,597
48,587,13,586,1,597
55,587,9,586,1,597
4,588,14,587,1,477
27,588,9,587,1,477
38,588,10,587,1,477
48,588,13,587,1,477
71,588,11,587,1,477
62,589,10,588,1,481
94,589,14,588,1,481
27,590,9,589,1,697
32,590,14,589,1,697
55,590,9,589,1,697
57,590,14,589,1,697
6,591,6,590,2,598
13,591,3,590,2,598
37,591,5,590,2,598
45,591,2,590,2,598
59,591,2,590,2,598
80,591,4,590,2,598
5,592,11,591,1,200
27,592,9,591,1,200
55,592,9,591,1,200
72,592,11,591,1,200
42,593,12,592,1,244
69,593,9,592,1,244
72,593,11,592,1,244
93,594,10,593,1,6
6,595,6,594,2,809
18,595,2,594,2,809
37,595,5,594,2,809
87,595,6,594,2,809
97,595,2,594,2,809
1,596,8,595,2,235
7,596,4,595,2,235
40,596,7,595,2,235
47,596,3,595,2,235
50,596,1,595,2,235
64,596,1,595,2,235
66,596,1,595,2,235
96,596,6,595,2,235
2,597,3,596,2,692
12,597,7,596,2,692
17,597,3,596,2,692
28,597,2,596,2,692
56,597,8,596,2,692
76,597,7,596,2,692
82,597,6,596,2,692
100,597,8,596,2,692
40,598,7,597,2,547
21,599,5,598,2,492
26,599,6,598,2,492
28,599,2,598,2,492
81,599,4,598,2,492
38,600,10,599,1,811
48,600,13,599,1,811
55,600,9,599,1,811
93,600,10,599,1,811
95,600,10,599,1,811
27,601,9,600,1,699
32,601,14,600,1,699
48,601,13,600,1,699
4,602,14,601,1,214
48,603,13,602,1,717
69,603,9,602,1,717
94,603,14,602,1,717
53,604,2,603,2,812
78,604,8,603,2,812
2,605,3,604,2,404
3,605,3,604,2,404
6,605,6,604,2,404
21,605,5,604,2,404
26,605,6,604,2,404
60,605,4,604,2,404
83,605,5,604,2,404
15,606,5,605,2,746
49,606,4,605,2,746
53,606,2,605,2,746
60,606,4,605,2,746
61,606,8,605,2,746
63,606,1,605,2,746
70,606,7,605,2,746
81,606,4,605,2,746
62,607,10,606,1,816
48,608,13,607,1,817
79,608,12,607,1,817
4,609,14,608,1,582
34,609,12,608,1,582
48,609,13,608,1,582
57,610,14,609,1,15
71,611,11,610,1,20
93,611,10,610,1,20
99,611,11,610,1,20
36,612,3,611,2,150
30,613,1,612,2,70
33,613,4,612,2,70
83,613,5,612,2,70
14,614,12,613,1,819
69,615,9,614,1,753
79,615,12,614,1,753
93,615,10,614,1,753
48,616,13,615,1,381
71,616,11,615,1,381
27,617,9,616,1,416
32,617,14,616,1,416
69,617,9,616,1,416
95,617,10,616,1,416
7,618,4,617,2,820
16,618,6,617,2,820
19,618,2,617,2,820
31,618,1,617,2,820
58,618,6,617,2,820
84,618,8,617,2,820
91,618,7,617,2,820
9,619,7,618,2,821
15,619,5,618,2,821
21,619,5,618,2,821
25,619,7,618,2,821
37,619,5,618,2,821
61,619,8,618,2,821
82,619,6,618,2,821
84,619,8,618,2,821
21,620,5,619,2,77
30,620,1,619,2,77
36,620,3,619,2,77
75,620,8,619,2,77
82,620,6,619,2,77
83,620,5,619,2,77
91,620,7,619,2,77
88,621,3,620,2,606
4,622,14,621,1,823
34,622,12,621,1,823
48,622,13,621,1,823
62,622,10,621,1,823
71,622,11,621,1,823
32,623,14,622,1,673
43,623,10,622,1,673
48,623,13,622,1,673
99,623,11,622,1,673
84,624,8,623,2,824
1,625,8,624,2,7
19,625,2,624,2,7
37,625,5,624,2,7
40,625,7,624,2,7
64,625,1,624,2,7
77,625,6,624,2,7
92,625,2,624,2,7
96,625,6,624,2,7
17,626,3,625,2,827
19,626,2,625,2,827
46,626,7,625,2,827
49,626,4,625,2,827
75,626,8,625,2,827
76,626,7,625,2,827
92,626,2,625,2,827
96,626,6,625,2,827
15,627,5,626,2,776
45,627,2,626,2,776
92,627,2,626,2,776
100,627,8,626,2,776
9,628,7,627,2,112
16,628,6,627,2,112
37,628,5,627,2,112
44,628,4,627,2,112
54,628,7,627,2,112
60,628,4,627,2,112
74,628,7,627,2,112
88,628,3,627,2,112
26,629,6,628,2,62
50,629,1,628,2,62
59,629,2,628,2,62
66,629,1,628,2,62
76,629,7,628,2,62
91,629,7,628,2,62
97,629,2,628,2,62
98,629,4,628,2,62
6,630,6,629,2,639
20,630,7,629,2,639
61,630,8,629,2,639
68,630,7,629,2,639
83,630,5,629,2,639
4,631,14,630,1,828
48,631,13,630,1,828
79,631,12,630,1,828
27,632,9,631,1,205
48,632,13,631,1,205
62,632,10,631,1,205
69,632,9,631,1,205
48,633,13,632,1,232
71,633,11,632,1,232
72,633,11,632,1,232
5,634,11,633,1,706
42,634,12,633,1,706
48,634,13,633,1,706
62,634,10,633,1,706
71,634,11,633,1,706
93,634,10,633,1,706
13,635,3,634,2,817
15,635,5,634,2,817
21,635,5,634,2,817
64,635,1,634,2,817
67,635,2,634,2,817
70,635,7,634,2,817
13,636,3,635,2,395
31,636,1,635,2,395
36,636,3,635,2,395
47,636,3,635,2,395
66,636,1,635,2,395
76,636,7,635,2,395
11,637,4,636,2,492
21,637,5,636,2,492
31,637,1,636,2,492
39,637,7,636,2,492
56,637,8,636,2,492
68,637,7,636,2,492
19,638,2,637,2,107
44,638,4,637,2,107
54,638,7,637,2,107
70,638,7,637,2,107
83,638,5,637,2,107
34,639,12,638,1,833
48,639,13,638,1,833
62,639,10,638,1,833
73,639,12,638,1,833
79,639,12,638,1,833
5,640,11,639,1,438
32,640,14,639,1,438
79,640,12,639,1,438
32,641,14,640,1,436
41,641,10,640,1,436
48,641,13,640,1,436
57,641,14,640,1,436
52,642,12,641,1,656
8,643,8,642,2,834
37,643,5,642,2,834
66,643,1,642,2,834
81,643,4,642,2,834
36,644,3,643,2,632
15,645,5,644,2,763
19,645,2,644,2,763
19,646,2,645,2,8
24,646,8,645,2,8
35,646,2,645,2,8
40,646,7,645,2,8
46,646,7,645,2,8
51,646,1,645,2,8
78,646,8,645,2,8
96,646,6,645,2,8
1,647,8,646,2,351
20,647,7,646,2,351
37,647,5,646,2,351
40,647,7,646,2,351
53,647,2,646,2,351
65,647,7,646,2,351
98,647,4,646,2,351
16,648,6,647,2,493
19,648,2,647,2,493
25,648,7,647,2,493
